spectrum,cluster,wl_intensity,wl_energy,e0,e0_deriv,preedge_centroid,wl_ratio,edge_step,r_factor
FeXANES_GT15_FeTiXRD_striated2_1.001,4,1.1510160449999898,7130.799999999972,7119.756437139002,7119.799999999982,7112.369364978175,1.2042543296685295,0.9557914940748491,0.0193
FeXANES_GT15_FeTiXRD_striated2_2.001,4,1.1329076899999582,7130.1999999999725,7119.311375037481,7119.399999999982,7112.637142929645,1.1718975197150368,0.9667293179999566,0.0139
FeXANES_GT15_FeTiXRD_striated2_3.001,4,1.1343389633331566,7130.1999999999725,7119.361896751431,7119.599999999982,7112.524862370855,1.1726979030644653,0.9672900073999705,0.0139
FeXANES_GT15_FeTiXRD_striated2_4.001,5,1.2258257033334965,7129.999999999973,7120.796216256565,7122.19999999998,7112.779657942779,1.288892240710968,0.9510691930749128,0.0118
FeXANES_GT15_FeTiXRD_striated2_5.001,5,1.1373060845000167,7132.199999999971,7120.803151173293,7121.79999999998,7113.146428608262,1.1765187335966003,0.966670612225008,0.0204
FeXANES_GT15_FeTiXRD_striated2_6.001,3,1.2229897499999545,7127.799999999975,7118.220226634982,7118.399999999983,,1.2379314432218655,0.9879301125246294,0.0266
FeXANES_GT15_FeTiXRD_striated2_7.001,4,1.1566112033335287,7129.399999999973,7118.393319362082,7119.399999999982,7110.816807023549,1.1932733807747626,0.9692759613748947,0.0148
FeXANES_GT15_FeTiXRD_striated2_8.001,3,1.2256887016665288,7127.199999999975,7118.136971699189,7118.399999999983,,1.2351737115474282,0.9923209101746372,0.029
FeXANES_GT15_Fe_1.001,3,1.2162819966669722,7127.599999999975,7118.279600015351,7118.599999999983,,1.2330144890921164,0.9864296059996306,0.0284
FeXANES_GT15_Fe_2.001,1,1.2718077699999635,7129.199999999973,7119.389805707445,7118.999999999983,,1.341131742653689,0.9483093491497303,0.0099
FeXANES_GT15_Fe_3.001,1,1.186297890000081,7129.399999999973,7119.959489256789,7121.3999999999805,,1.2557712787053184,0.944676717899725,0.0109
FeXANES_GT15_Fe_4.001,4,1.1607969050001148,7128.199999999974,7119.638960958367,7120.399999999981,,1.20223343668712,0.9655337054996675,0.029
FeXANES_GT15_Fe_5.001,5,1.140152590499978,7132.99999999997,7121.36909035544,7121.59999999998,7113.428146415066,1.1827212585543616,0.9640078609000272,0.0201
FeXANES_GT15_Fe_6.001,4,1.1103297083335049,7129.399999999973,7117.997089747817,7118.999999999983,7110.916714545492,1.148151484903001,0.9670585483999166,0.0182
FeXANES_GT15_Fe_striated2_1.001,5,1.226238711667176,7130.599999999972,7120.879986062241,7122.599999999979,7112.874246632068,1.2908945253126833,0.9499139454249012,0.0103
FeXANES_GT15_flaky_gray_mix_Fe_1.001,1,1.3905738550002615,7129.399999999973,7119.525615945231,7123.199999999979,,1.4926355280281713,0.9316231785245409,0.0077
FeXANES_GT15_flaky_gray_mix_Fe_2.001,1,1.3992404500004496,7129.399999999973,7119.666857819682,7123.199999999979,,1.5015809515704717,0.9318448322995931,0.0069
FeXANES_GT15_flaky_gray_mix_Fe_3.001,5,1.2751400749997344,7130.1999999999725,7120.326049703766,7122.999999999979,,1.3953151115605456,0.9138724754249918,0.0201
FeXANES_GT15_flaky_gray_mix_Fe_4.001,2,1.3959159400000212,7129.399999999973,7121.172223874778,7122.999999999979,7110.3999999999905,1.5487788944740337,0.901300982974768,0.0089
FeXANES_GT15_flaky_gray_mix_Fe_5.001,1,1.3266845450010425,7129.999999999973,7119.572223279167,7119.399999999982,,1.448488186176862,0.9159098138747629,0.0194
FeXANES_GT15_flaky_gray_mix_Fe_6.001,1,1.3627107833335317,7129.999999999973,7119.156376719474,7118.799999999983,,1.4625676068768216,0.9317249861997662,0.0239
FeXANES_GT15_flaky_gray_mix_Fe_7.001,2,1.3421120516665244,7131.399999999971,7121.715371461261,7122.999999999979,7112.751040224907,1.4574182684213588,0.9208832362999461,0.0082
FeXANES_GT15_flaky_gray_mix_Fe_8.001,2,1.3363085449999874,7131.599999999971,7121.814283408308,7125.399999999977,7112.822637045603,1.4609363411597391,0.9146932055500665,0.0135
FeXANES_GT15_flakydark_Fe_1.001,3,1.2919116316663746,7128.999999999974,7118.905251001377,7118.999999999983,,1.3345955270611252,0.9680173546746829,0.014
FeXANES_GT15_flakydark_Fe_2.001,3,1.281843296666883,7128.799999999974,7118.861853535902,7118.799999999983,,1.3347677072629363,0.9603493474496924,0.014
FeXANES_GT15_flakydark_Fe_3.001,3,1.289659929999712,7128.999999999974,7118.767221156349,7118.799999999983,,1.3342022084900178,0.9666150466497005,0.015
FeXANES_GT15_flakydark_Fe_4.001,1,1.2862620149998651,7129.199999999973,7119.306718872595,7119.1999999999825,,1.3575399133458894,0.9474948046497228,0.0082
FeXANES_GT15_flakydark_Fe_5.001,3,1.2766333250001471,7129.199999999973,7118.97298336456,7118.799999999983,,1.3432443502889118,0.9504103439746927,0.0116
FeXANES_GT15_flakydark_Fe_6.001,3,1.2804378216665593,7128.999999999974,7118.792148588752,7118.799999999983,,1.322122627808861,0.9684713011746986,0.0141
FeXANES_GT15_rectangles_Fe_1.001,3,1.2381154749999395,7126.199999999976,7118.297562357214,7118.399999999983,,1.2680384526173334,0.9764021528246005,0.0274
FeXANES_GT15_rectangles_Fe_2.001,3,1.2169724316668087,7126.999999999975,7118.160466293334,7118.199999999983,,1.2335318138700881,0.9865756342746232,0.0286
FeXANES_GT15_rectangles_Fe_3.001,3,1.2444314083330064,7125.999999999976,7118.562560480839,7118.399999999983,,1.287066814587485,0.966873975949614,0.0232
FeXANES_GT15_rectangles_Fe_4.001,1,1.3397972600000976,7129.199999999973,7119.1774135303485,7118.999999999983,,1.4085387987531508,0.9511965599996935,0.0116
FeXANES_GT15_rectangles_Fe_5.001,1,1.3370376616660706,7128.999999999974,7119.35996540806,7118.999999999983,,1.392837924088438,0.9599377203497049,0.0113
FeXANES_GT15_rectangles_Fe_6.001,1,1.3403268000003457,7129.199999999973,7119.547977205106,7118.999999999983,,1.422946285558746,0.9419377341246874,0.011
FeXANES_GT15_super_dark_Fe_1.001,1,1.2574822749997487,7129.599999999973,7119.753959163078,7118.599999999983,,1.3512601877780177,0.9305996627248558,0.0115
FeXANES_GT15_super_dark_Fe_10.001,1,1.4031848349999112,7129.199999999973,7119.83414750604,7122.599999999979,,1.5012067692757427,0.9347045748247443,0.0182
FeXANES_GT15_super_dark_Fe_11.001,5,1.3083571850001308,7129.399999999973,7120.249298558961,7122.999999999979,7112.570423989475,1.3568998884343435,0.9642252874748014,0.0106
FeXANES_GT15_super_dark_Fe_12.001,5,1.1876720849997175,7134.999999999968,7121.452124835698,7121.59999999998,7112.914215931329,1.2997653670828115,0.9137588330002393,0.0273
FeXANES_GT15_super_dark_Fe_13.001,5,1.1503598939997584,7134.999999999968,7121.651263866177,7122.19999999998,7112.9310460825245,1.279991967048718,0.8987243073502619,0.0304
FeXANES_GT15_super_dark_Fe_14.001,3,1.4912240750002055,7128.599999999974,7119.119981327231,7118.999999999983,,1.537472160019058,0.9699194000245968,0.0189
FeXANES_GT15_super_dark_Fe_15.001,2,1.2589145983331633,7131.399999999971,7121.793014507378,7122.599999999979,7112.934695275856,1.3948279348664978,0.902559066150089,0.0187
FeXANES_GT15_super_dark_Fe_16.001,2,1.3756298283336599,7129.399999999973,7121.2452797357955,7123.199999999979,,1.553936989292966,0.8852545745497473,0.01
FeXANES_GT15_super_dark_Fe_17.001,2,1.366106005000081,7131.799999999971,7121.978610013935,7121.79999999998,7112.859621147172,1.4966816780720644,0.9127565500499858,0.0116
FeXANES_GT15_super_dark_Fe_18.001,3,1.3379495599999702,7125.599999999977,7118.645870334483,7118.199999999983,,1.394394173773827,0.9595203315995695,0.0237
FeXANES_GT15_super_dark_Fe_19.001,1,1.4194361516661107,7128.999999999974,7119.287391588685,7123.199999999979,,1.530547776961332,0.9274040137996761,0.022
FeXANES_GT15_super_dark_Fe_2.001,1,1.4827463333340702,7129.399999999973,7119.980553592328,7123.199999999979,,1.5557245538443105,0.9530905259996664,0.0171
FeXANES_GT15_super_dark_Fe_20.001,2,1.4821875983331356,7129.599999999973,7120.949333421087,7122.999999999979,,1.6462535696995817,0.9003397930998043,0.0231
FeXANES_GT15_super_dark_Fe_21.001,5,1.3346683200000156,7129.799999999973,7120.46458007514,7122.39999999998,,1.47449237382431,0.9051713957247263,0.0092
FeXANES_GT15_super_dark_Fe_22.001,2,1.426757758333747,7129.999999999973,7121.127545672864,7122.19999999998,,1.4955061698592695,0.9540300047495011,0.0195
FeXANES_GT15_super_dark_Fe_23.001,1,1.353297144999846,7129.599999999973,7120.146886157153,7122.39999999998,,1.4568443841825436,0.9289236102998061,0.0096
FeXANES_GT15_super_dark_Fe_24.001,2,1.3684879733336948,7130.599999999972,7121.497400382529,7122.999999999979,7112.675321878459,1.5121968387878282,0.9049668258999074,0.0115
FeXANES_GT15_super_dark_Fe_3.001,2,1.2884235283332837,7131.999999999971,7122.717433363101,7126.999999999975,7112.7280891450455,1.4748510056743795,0.873595721449943,0.0087
FeXANES_GT15_super_dark_Fe_4.001,2,1.335927564999735,7131.999999999971,7122.658548874267,7126.999999999975,7112.716241706554,1.509425671719,0.8850568729749524,0.0091
FeXANES_GT15_super_dark_Fe_6.001,1,1.3261053249997579,7129.599999999973,7119.647549962216,7119.399999999982,,1.4433447851103105,0.9187723811247274,0.0084
FeXANES_GT15_super_dark_Fe_7.001,2,1.434207105000721,7131.199999999972,7121.400471298873,7122.999999999979,,1.5530156630649048,0.9234981585248709,0.0158
FeXANES_GT15_super_dark_Fe_8.001,3,1.2289410749997,7125.999999999976,7118.206146657062,7118.199999999983,,1.2589159038693643,0.9761899672745935,0.0256
FeXANES_GT15_super_dark_Fe_9.001,5,1.2738580166669906,7129.999999999973,7121.229044351054,7123.199999999979,,1.406919337656623,0.9054236320248037,0.0106
FeXANES_GT5_Fe_Flaky1_1.001,1,1.3421069066668128,7129.399999999973,7119.890340012543,7122.599999999979,,1.400857053819624,0.9580612832746773,0.0131
FeXANES_GT5_Fe_Flaky1_10.001,1,1.257573526666856,7129.399999999973,7119.25232295784,7119.599999999982,,1.3191323649787279,0.9533338427998735,0.0105
FeXANES_GT5_Fe_Flaky1_2.001,1,1.3660225400002208,7129.399999999973,7119.843669656126,7119.399999999982,,1.432815327914136,0.9533835333747086,0.0115
FeXANES_GT5_Fe_Flaky1_3.001,4,1.203958373333721,7129.999999999973,7119.2452693759105,7119.599999999982,7110.932608337774,1.2598373826504445,0.9556458554998857,0.0105
FeXANES_GT5_Fe_Flaky1_4.001,1,1.2901133816669539,7129.399999999973,7119.496883741484,7119.399999999982,,1.3455215471132564,0.958820306099759,0.0099
FeXANES_GT5_Fe_Flaky1_5.001,1,1.3200994050002046,7129.399999999973,7119.544780047334,7119.1999999999825,,1.3791827640694496,0.9571606021997315,0.0105
FeXANES_GT5_Fe_Flaky1_6.001,1,1.3696926416670019,7129.399999999973,7119.7439687318,7118.999999999983,,1.4371125086483314,0.953086577024689,0.011
FeXANES_GT5_Fe_Flaky1_7.001,1,1.3146291433335398,7129.399999999973,7119.6608648310075,7118.799999999983,,1.3792259525327286,0.9531644477247784,0.0097
FeXANES_GT5_Fe_Flaky1_8.001,1,1.4088073299996084,7129.599999999973,7119.924180403775,7118.999999999983,,1.4946743069171016,0.942551379574724,0.0093
FeXANES_GT5_Fe_Flaky1_9.001,1,1.4167953083335536,7129.399999999973,7119.7200889276255,7119.399999999982,,1.4981389507334586,0.9457035394747058,0.0094
FeXANES_GT5_concentric_gray1_Fe_1.001,1,1.3008001099999007,7129.199999999973,7119.842806003858,7119.599999999982,,1.3882273009035033,0.9370224235997217,0.0094
FeXANES_GT5_concentric_gray1_Fe_2.001,1,1.25073446666669,7129.399999999973,7119.3543647937,7119.1999999999825,,1.3175571423650292,0.9492829012498146,0.0123
FeXANES_GT5_concentric_gray1_Fe_3.001,4,1.2062640816670078,7129.399999999973,7119.407876662415,7118.799999999983,7110.482929547403,1.2907093675836485,0.9345745153498562,0.0116
FeXANES_GT5_concentric_gray1_Fe_4.001,1,1.2886928999998686,7129.599999999973,7119.776173731147,7119.799999999982,,1.389319933416606,0.9275710144248229,0.0089
FeXANES_GT5_concentric_gray1_Fe_5.001,1,1.24803200166663,7129.599999999973,7119.1079645018735,7118.999999999983,,1.330718031594692,0.9378635984747471,0.0129
FeXANES_GT5_concentric_gray1_Fe_6.001,1,1.266990583333667,7129.999999999973,7119.0344609143485,7118.999999999983,,1.3467923517632323,0.9407467911997806,0.0173
FeXANES_GT5_concentric_gray1_Fe_7.001,1,1.3119632299998172,7129.799999999973,7119.261087288023,7119.1999999999825,,1.4126850404957554,0.9287018637497628,0.0128
FeXANES_GT5_concentric_gray1_Fe_8.001,2,1.390016158332194,7129.599999999973,7121.16926074928,7122.799999999979,,1.5658006104120172,0.8877350979997586,0.0097
FeXANES_GT5_concentric_gray3_Fe_1.001,5,1.2027406199999116,7129.799999999973,7119.498330037185,7118.799999999983,,1.3055243639368563,0.9212701449500363,0.0215
FeXANES_GT5_concentric_gray3_Fe_10.001,5,1.223061805000269,7130.599999999972,7121.055124119126,7119.799999999982,7112.8712144026,1.3088912812748175,0.9344258170999861,0.0122
FeXANES_GT5_concentric_gray3_Fe_11.001,5,1.1973061600000212,7131.799999999971,7121.374207352802,7121.59999999998,7112.967539919239,1.2861920565916796,0.930892205300039,0.0142
FeXANES_GT5_concentric_gray3_Fe_2.001,5,1.2341750200001063,7131.599999999971,7121.493177346908,7121.3999999999805,7112.949161538667,1.327997401929247,0.9293504778000014,0.0114
FeXANES_GT5_concentric_gray3_Fe_3.001,2,1.3501394766664374,7131.399999999971,7121.409578462256,7123.399999999979,,1.4528005513571578,0.9293357408249757,0.0106
FeXANES_GT5_concentric_gray3_Fe_4.001,2,1.2056587899997138,7131.999999999971,7122.142556426477,7122.39999999998,7112.975839313805,1.3467968848676513,0.895204617374945,0.0103
FeXANES_GT5_concentric_gray3_Fe_5.001,4,1.1261636483331334,7129.599999999973,7119.2804421218725,7118.999999999983,7112.642747387191,1.1650388061977697,0.9666318772749642,0.0146
FeXANES_GT5_concentric_gray3_Fe_6.001,4,1.134214116666248,7129.599999999973,7119.551485660898,7119.799999999982,7112.627529914937,1.179137520200731,0.9619014722499583,0.0137
FeXANES_GT5_concentric_gray3_Fe_7.001,4,1.135230315000043,7129.999999999973,7119.334743379079,7118.999999999983,7112.557860329137,1.1730013547151483,0.9677996623249614,0.0146
FeXANES_GT5_concentric_gray3_Fe_8.001,1,1.2629370866660266,7128.999999999974,7118.987608131614,7118.199999999983,,1.3505345183451443,0.9351386947247717,0.0171
FeXANES_GT5_concentric_gray3_Fe_9.001,1,1.2080014383334314,7129.399999999973,7119.0430500319,7118.199999999983,,1.2934496080021465,0.9339377667749286,0.0159
FeXANES_GT5_flaky2_FeXRD_1.001,2,1.3847780500000768,7129.799999999973,7121.77662657078,7123.5999999999785,7112.356391565114,1.5334700664086396,0.9030355924998282,0.011
FeXANES_GT5_flaky2_FeXRD_10.001,1,1.445911280000131,7129.399999999973,7120.534677451137,7122.999999999979,,1.5626580912991548,0.9252895998497257,0.0146
FeXANES_GT5_flaky2_FeXRD_11.001,2,1.446113064999916,7129.799999999973,7121.219638408922,7122.799999999979,,1.572949554023872,0.9193639181247188,0.0132
FeXANES_GT5_flaky2_FeXRD_12.001,2,1.3144591316674243,7131.799999999971,7122.070012704695,7122.999999999979,7112.922734081947,1.4546495063555136,0.9036260115748962,0.0102
FeXANES_GT5_flaky2_FeXRD_13.001,2,1.303778156666829,7131.199999999972,7121.932476757549,7123.199999999979,7112.647850909357,1.4423892814098065,0.903901722974884,0.0085
FeXANES_GT5_flaky2_FeXRD_14.001,2,1.314206939999898,7131.399999999971,7121.917385127472,7122.799999999979,7112.8484255338435,1.456506960867117,0.9023004869248945,0.0097
FeXANES_GT5_flaky2_FeXRD_15.001,2,1.4022822099997931,7129.599999999973,7121.167145843139,7122.599999999979,,1.5086492360064627,0.9294951911497777,0.0096
FeXANES_GT5_flaky2_FeXRD_16.001,2,1.3889216700001485,7129.799999999973,7121.460435146253,7122.39999999998,,1.5362809978745846,0.9040804852248353,0.0093
FeXANES_GT5_flaky2_FeXRD_17.001,1,1.2294437950001174,7128.799999999974,7118.555787274285,7118.199999999983,,1.305064429303231,0.9420560145498049,0.0206
FeXANES_GT5_flaky2_FeXRD_18.001,1,1.207261991667108,7128.799999999974,7118.672906933866,7118.199999999983,,1.298658731009357,0.9296222039248043,0.0182
FeXANES_GT5_flaky2_FeXRD_2.001,1,1.4038284550000302,7129.399999999973,7119.585511956296,7119.399999999982,,1.491167459298559,0.9414291106247632,0.0215
FeXANES_GT5_flaky2_FeXRD_3.001,2,1.3605179716664144,7131.999999999971,7122.262823466763,7122.39999999998,7112.98903208743,1.528526922401318,0.8900844019999586,0.0103
FeXANES_GT5_flaky2_FeXRD_4.001,1,1.2553835933337198,7129.399999999973,7119.614765139538,7119.1999999999825,,1.3555244448804475,0.926123905824834,0.0099
FeXANES_GT5_flaky2_FeXRD_5.001,2,1.3791838183339393,7129.999999999973,7121.450874819547,7122.799999999979,,1.5686776409718821,0.8792015531498614,0.0118
FeXANES_GT5_flaky2_FeXRD_6.001,1,1.3295273900003732,7129.999999999973,7120.049260325172,7119.399999999982,,1.44713877980741,0.9187283269247412,0.0066
FeXANES_GT5_flaky2_FeXRD_7.001,1,1.3850666716663396,7129.599999999973,7120.153491264008,7119.599999999982,,1.4898825059145435,0.9296482549247302,0.0085
FeXANES_GT5_flaky2_FeXRD_8.001,1,1.3275296949999722,7129.599999999973,7119.581285653388,7119.599999999982,,1.433013779440958,0.9263900417746598,0.0109
FeXANES_GT5_flaky2_Fe_1.001,1,1.2144554266663794,7129.599999999973,7119.856702245809,7120.799999999981,,1.2755032305946625,0.9521382600498616,0.0111
FeXANES_GT5_flaky2_Fe_10.001,2,1.284776488333086,7130.799999999972,7121.546932337124,7122.799999999979,7112.852220309414,1.4040215312471553,0.9150689357248339,0.0069
FeXANES_GT5_flaky2_Fe_11.001,4,1.1837720899999984,7130.399999999972,7119.236394222852,7119.1999999999825,7112.470855084177,1.2274123988291248,0.96444527619995,0.0135
FeXANES_GT5_flaky2_Fe_12.001,4,1.1998466333324997,7129.599999999973,7119.539286811467,7118.799999999983,7112.53922852654,1.2597674905222118,0.9524349868999452,0.0123
FeXANES_GT5_flaky2_Fe_13.001,4,1.1387546599999883,7129.799999999973,7119.068460175609,7119.399999999982,7112.358148790525,1.1820907526501416,0.9633394537999745,0.0154
FeXANES_GT5_flaky2_Fe_14.001,4,1.1784733916667605,7129.999999999973,7118.967474982046,7119.1999999999825,7112.550983351036,1.210487470430567,0.9735527384249428,0.0177
FeXANES_GT5_flaky2_Fe_15.001,4,1.1236010699999583,7130.1999999999725,7119.014540502132,7119.1999999999825,7112.400548618309,1.1767363626980576,0.954845202049957,0.0132
FeXANES_GT5_flaky2_Fe_16.001,4,1.1567985250001092,7130.399999999972,7119.331432399186,7119.399999999982,7112.406011582176,1.2076050756698091,0.9579278427249739,0.0124
FeXANES_GT5_flaky2_Fe_167.001,4,1.1755818700001122,7129.799999999973,7119.681695881321,7120.399999999981,7112.471198999477,1.2074448903336403,0.9736112011499557,0.0128
FeXANES_GT5_flaky2_Fe_18.001,4,1.1448589749998452,7130.1999999999725,7119.4133172635875,7119.1999999999825,7112.230417798064,1.2019471990821922,0.9525035507999523,0.0113
FeXANES_GT5_flaky2_Fe_19.001,5,1.187757156666443,7131.399999999971,7120.50820553021,7119.799999999982,7112.598159910449,1.2704046096213752,0.9349439915999959,0.0118
FeXANES_GT5_flaky2_Fe_2.001,5,1.229888404999433,7130.1999999999725,7120.884952370992,7122.39999999998,7113.095333937898,1.2969100156066597,0.9483220810999167,0.0121
FeXANES_GT5_flaky2_Fe_20.001,3,1.30597488499976,7125.999999999976,7119.003428440389,7118.999999999983,,1.368449881308594,0.9543461567996253,0.0118
FeXANES_GT5_flaky2_Fe_21.001,5,1.2602137999999383,7130.399999999972,7120.040021378804,7118.999999999983,7112.560032772016,1.3117598319349395,0.9607046726999049,0.0118
FeXANES_GT5_flaky2_Fe_23.001,2,1.350097189999603,7130.1999999999725,7121.521372929801,7122.599999999979,7112.514811797575,1.466091517734404,0.9208819324498578,0.0102
FeXANES_GT5_flaky2_Fe_24.001,2,1.3586956383334303,7129.999999999973,7121.382631035213,7122.799999999979,7112.520507712788,1.4775048402111608,0.919587944049814,0.0086
FeXANES_GT5_flaky2_Fe_25.001,2,1.3706073849998033,7131.999999999971,7122.379427517033,7122.19999999998,7112.79914692083,1.5407642301394173,0.8895633466749048,0.012
FeXANES_GT5_flaky2_Fe_26.001,2,1.3646695833331206,7131.999999999971,7122.389952689072,7122.799999999979,7112.788512164646,1.5501499380998056,0.8803468295498891,0.0109
FeXANES_GT5_flaky2_Fe_27.001,2,1.3825547600003625,7131.799999999971,7122.276499282315,7122.999999999979,7112.727669991811,1.5400847225666143,0.8977134437748842,0.011
FeXANES_GT5_flaky2_Fe_28.001,2,1.2387009900000185,7130.399999999972,7122.300992157709,7122.19999999998,7112.947252563181,1.3593674964601314,0.911233344349975,0.0073
FeXANES_GT5_flaky2_Fe_29.001,4,1.2040919000000114,7129.399999999973,7118.097951937312,7118.399999999983,7110.776958978301,1.225237164965285,0.9827419004500466,0.0261
FeXANES_GT5_flaky2_Fe_3.001,2,1.236196878333557,7131.799999999971,7122.425626798211,7122.39999999998,7112.993766430972,1.4157359836155274,0.8731832012749575,0.0078
FeXANES_GT5_flaky2_Fe_30.001,1,1.291238915000003,7128.199999999974,7119.771704403605,7119.999999999982,,1.3727725907250534,0.9406065678496778,0.0185
FeXANES_GT5_flaky2_Fe_31.001,1,1.3165101999999873,7129.199999999973,7119.337655548106,7119.599999999982,,1.4088569221819531,0.9344527320496501,0.009
FeXANES_GT5_flaky2_Fe_32.001,1,1.291522848333617,7129.399999999973,7119.700005012545,7119.1999999999825,,1.3887900795108026,0.9299626108998073,0.0096
FeXANES_GT5_flaky2_Fe_4.001,2,1.3919341183333978,7131.799999999971,7122.449181710262,7126.399999999976,7112.628938113789,1.551143479267527,0.8973600037249229,0.0137
FeXANES_GT5_flaky2_Fe_5.001,1,1.2983684300000724,7130.399999999972,7119.937577847064,7120.799999999981,7110.3999999999905,1.3633601148993661,0.9523297739247044,0.0241
FeXANES_GT5_flaky2_Fe_6.001,1,1.3586558516662528,7128.399999999974,7120.218728141302,7120.599999999981,,1.4027411652379365,0.9685720254996539,0.0214
FeXANES_GT5_flaky2_Fe_7.001,5,1.2547375083334436,7130.599999999972,7120.8394843797605,7122.999999999979,7112.701027584415,1.3306921599867894,0.9429209444999662,0.0085
FeXANES_GT5_flaky2_Fe_8.001,5,1.26487023500023,7130.599999999972,7121.170966285543,7122.799999999979,7112.697180626824,1.3655391101103846,0.9262790246249213,0.0095
FeXANES_GT5_flaky2_Fe_9.001,2,1.3215320283327872,7131.399999999971,7121.5494839722005,7122.999999999979,7112.873149487696,1.4370874682371126,0.919590531224882,0.0102
FeXANES_GT5_flaky_nodule_Fe.001,4,1.0942648983335002,7129.999999999973,7118.242103427006,7119.1999999999825,7112.667025415296,1.094170866738954,1.000085938675032,0.0438
FeXANES_GT5_flaky_nodule_Fe_10.001,5,1.273451688333689,7129.399999999973,7120.571831183521,7120.999999999981,7112.467795285253,1.3487436901187142,0.9441761971999305,0.0131
FeXANES_GT5_flaky_nodule_Fe_2.001,4,1.1267567083327474,7130.1999999999725,7119.3675697999815,7119.599999999982,7112.489380502597,1.166846443567302,0.9656426640749818,0.0332
FeXANES_GT5_flaky_nodule_Fe_3.001,4,1.1119231066664717,7130.1999999999725,7119.234430687105,7119.399999999982,7112.612993969023,1.1190666700697534,0.9936164988250107,0.0429
FeXANES_GT5_flaky_nodule_Fe_4.001,4,1.1082193199999952,7129.799999999973,7118.667602776261,7122.19999999998,7112.4357954219495,1.1288074214908899,0.9817611923000094,0.0399
FeXANES_GT5_flaky_nodule_Fe_5.001,4,1.1231013649998647,7129.799999999973,7119.920878348596,7126.599999999976,7112.4792584183515,1.155867672216508,0.9716521986000264,0.0391
FeXANES_GT5_flaky_nodule_Fe_6.001,4,1.1458744266666232,7130.1999999999725,7119.292594687657,7119.399999999982,7112.498467103957,1.1724900295988483,0.9772999323999955,0.0346
FeXANES_GT5_flaky_nodule_Fe_7.001,5,1.1736402783334832,7129.999999999973,7121.600746986297,7122.19999999998,7113.037947132752,1.2656995350708873,0.9272661052749394,0.0134
FeXANES_GT5_flaky_nodule_Fe_8.001,2,1.1872913283331457,7129.599999999973,7122.283521899016,7122.19999999998,7113.0991301536205,1.296253582702794,0.9159406339749873,0.0132
FeXANES_GT5_flaky_nodule_Fe_9.001,1,1.356297113333353,7129.399999999973,7119.636913318518,7119.1999999999825,7110.41929509674,1.4494593044255157,0.9357262457747395,0.0098
FeXANES_GT5_flakysmooth2_Fe_1.001,4,1.1284199416664813,7130.1999999999725,7119.39916624019,7119.399999999982,7112.645110176,1.174553604165966,0.9607223864999813,0.0148
FeXANES_GT5_flakysmooth2_Fe_10.001,3,1.324712024999983,7126.199999999976,7118.4008320325465,7118.199999999983,,1.3502028320970372,0.9811207571995212,0.0192
FeXANES_GT5_flakysmooth2_Fe_11.001,3,1.2632788483334558,7126.399999999976,7118.454331656049,7118.399999999983,,1.2948471969696735,0.975620020099594,0.0202
FeXANES_GT5_flakysmooth2_Fe_12.001,4,1.1282834266669484,7129.399999999973,7118.342461225509,7118.999999999983,7111.006961184262,1.1697193297635893,0.9645762004249211,0.0167
FeXANES_GT5_flakysmooth2_Fe_13.001,1,1.2526071399998273,7129.799999999973,7119.443905291279,7119.1999999999825,7111.050715270254,1.3365415786803878,0.9372002786748829,0.0092
FeXANES_GT5_flakysmooth2_Fe_14.001,4,1.1853916783332785,7129.599999999973,7118.837759904856,7118.199999999983,,1.2780276468415945,0.9275164596499548,0.0215
FeXANES_GT5_flakysmooth2_Fe_15.001,1,1.2000062016664095,7129.599999999973,7118.728862055941,7118.199999999983,,1.283559187798574,0.9349052330999509,0.0216
FeXANES_GT5_flakysmooth2_Fe_16.001,4,1.1293777700001761,7129.999999999973,7119.681411842487,7119.799999999982,7112.655733129591,1.1894012638298979,0.9495346981249668,0.0135
FeXANES_GT5_flakysmooth2_Fe_17.001,4,1.1460773650000382,7129.799999999973,7120.078131587981,7120.599999999981,7112.6276974759685,1.2130860827368815,0.9447617784999538,0.0131
FeXANES_GT5_flakysmooth2_Fe_18.001,4,1.168050136666383,7130.1999999999725,7119.008895045094,7118.399999999983,,1.2660684302502727,0.9225805720749913,0.0188
FeXANES_GT5_flakysmooth2_Fe_19.001,5,1.1650611783331308,7130.799999999972,7119.802286998598,7118.199999999983,,1.2709298855340447,0.916699805075063,0.0179
FeXANES_GT5_flakysmooth2_Fe_2.001,4,1.112463840000311,7129.999999999973,7119.491341043979,7119.799999999982,7112.644641198908,1.1619269591954642,0.9574300959249605,0.0146
FeXANES_GT5_flakysmooth2_Fe_20.001,3,1.2741181300000537,7129.199999999973,7118.836064841987,7118.799999999983,,1.3416779590968606,0.9496452716997124,0.0142
FeXANES_GT5_flakysmooth2_Fe_21.001,3,1.2776639950005162,7129.399999999973,7118.776608543852,7118.799999999983,,1.3444271043931,0.950340848399719,0.0148
FeXANES_GT5_flakysmooth2_Fe_22.001,1,1.573706073333737,7129.399999999973,7120.157919957443,7123.399999999979,7112.424315680877,1.7289959969776554,0.9101849142997609,0.0393
FeXANES_GT5_flakysmooth2_Fe_3.001,5,1.1062010883335014,7129.399999999973,7121.417876376445,7120.999999999981,7113.168242567287,1.1550189675235036,0.9577341320249715,0.0208
FeXANES_GT5_flakysmooth2_Fe_4.001,5,1.1180319566666324,7130.1999999999725,7121.4200474488525,7121.3999999999805,7113.129414014158,1.181012239820173,0.9466726245249327,0.0172
FeXANES_GT5_flakysmooth2_Fe_5.001,3,1.270829184999938,7126.599999999976,7118.393539505017,7118.199999999983,,1.3061152627257429,0.9729839480995223,0.0249
FeXANES_GT5_flakysmooth2_Fe_6.001,3,1.2775934849999753,7126.599999999976,7118.4521106649745,7118.399999999983,,1.2955557089327157,0.9861355063245116,0.026
FeXANES_GT5_flakysmooth2_Fe_7.001,3,1.2991043150000983,7126.199999999976,7118.344518792742,7118.199999999983,,1.3231047692994702,0.9818605035245401,0.0243
FeXANES_GT5_flakysmooth2_Fe_8.001,3,1.2348262000002859,7125.199999999977,7118.24731284973,7118.799999999983,,1.2494286167432724,0.9883127242746778,0.0299
FeXANES_GT5_flakysmooth2_Fe_9.001,3,1.2569111650003115,7125.199999999977,7118.262019616026,7118.799999999983,,1.2624622438691802,0.9956029743496679,0.0312
FeXANES_GT5_white_gray_particles_Fe_1.001,5,1.0968419999999917,7131.399999999971,7120.82665508777,7120.799999999981,7112.860446504849,1.1669717832899094,0.9399044738749305,0.0125
FeXANES_GT5_white_gray_particles_Fe_2.001,2,1.2234689483331842,7130.799999999972,7121.744413155116,7121.3999999999805,7113.024295746713,1.27655074275607,0.9584177951999915,0.0128
FeXANES_GT5_white_gray_particles_Fe_3.001,5,1.1676918316668659,7129.999999999973,7121.693496102066,7121.59999999998,7113.003509189213,1.2450680766733362,0.9378538037749632,0.0145
FeXANES_GT5_white_gray_particles_Fe_4.001,3,1.3031786583336977,7126.999999999975,7118.432505546297,7118.399999999983,,1.3289182133114048,0.9806311970745218,0.0186
FeXANES_GT5_white_gray_particles_Fe_5.001,3,1.232459364999956,7127.399999999975,7118.245042740965,7118.199999999983,,1.2520382102663707,0.9843624219246078,0.0202
