spectrum,cluster,r_factor,chi_sq,weight_sum,n_refs,Biotite,Mackinawite (aged),Hornblende,Siderite-s,Augite,Mackinawite,Siderite-n,Vivianite,6L-Fhy,Pyrrhotite,Ilmenite,Maghemite,Ferrosmectite,Green Rust - Carbonate,Jarosite,Hematite on sand,Hematite,2L-Fhy,Green Rust - Sulfate,Lepidocrocite,Pyrite,Nontronite,Goethite,2L-Fhy on sand,Schwertmannite,Goethite on sand
FeXANES_GT15_FeTiXRD_striated2_1.001,4,0.0193,0.0004,1.0101,3,0.0810,0.0000,0.0000,0.7844,0.0000,0.1346,0.0000,0.0000,0.0000,0.0000,0.0000,0.0000,0.0000,0.0000,0.0000,0.0000,0.0000,0.0000,0.0000,0.0000,0.0000,0.0000,0.0000,0.0000,0.0000,0.0000
FeXANES_GT15_FeTiXRD_striated2_2.001,4,0.0139,0.0003,1.0207,3,0.0137,0.0000,0.0000,0.7346,0.0000,0.2517,0.0000,0.0000,0.0000,0.0000,0.0000,0.0000,0.0000,0.0000,0.0000,0.0000,0.0000,0.0000,0.0000,0.0000,0.0000,0.0000,0.0000,0.0000,0.0000,0.0000
FeXANES_GT15_FeTiXRD_striated2_3.001,4,0.0139,0.0003,1.0225,3,0.0000,0.0556,0.0000,0.7276,0.0000,0.2168,0.0000,0.0000,0.0000,0.0000,0.0000,0.0000,0.0000,0.0000,0.0000,0.0000,0.0000,0.0000,0.0000,0.0000,0.0000,0.0000,0.0000,0.0000,0.0000,0.0000
FeXANES_GT15_FeTiXRD_striated2_4.001,5,0.0118,0.0001,1.0214,3,0.1091,0.0000,0.0000,0.3250,0.0000,0.0000,0.0000,0.0000,0.0000,0.0000,0.5659,0.0000,0.0000,0.0000,0.0000,0.0000,0.0000,0.0000,0.0000,0.0000,0.0000,0.0000,0.0000,0.0000,0.0000,0.0000
FeXANES_GT15_FeTiXRD_striated2_5.001,5,0.0204,0.0005,1.0248,3,0.0000,0.2752,0.0000,0.0000,0.0000,0.0000,0.0000,0.3385,0.0000,0.0000,0.0000,0.3863,0.0000,0.0000,0.0000,0.0000,0.0000,0.0000,0.0000,0.0000,0.0000,0.0000,0.0000,0.0000,0.0000,0.0000
FeXANES_GT15_FeTiXRD_striated2_6.001,3,0.0266,0.0007,1.0147,3,0.3877,0.0000,0.0000,0.0000,0.0000,0.0000,0.1456,0.0000,0.0000,0.4667,0.0000,0.0000,0.0000,0.0000,0.0000,0.0000,0.0000,0.0000,0.0000,0.0000,0.0000,0.0000,0.0000,0.0000,0.0000,0.0000
FeXANES_GT15_FeTiXRD_striated2_7.001,4,0.0148,0.0003,1.0239,3,0.2418,0.0000,0.0000,0.3126,0.0000,0.4457,0.0000,0.0000,0.0000,0.0000,0.0000,0.0000,0.0000,0.0000,0.0000,0.0000,0.0000,0.0000,0.0000,0.0000,0.0000,0.0000,0.0000,0.0000,0.0000,0.0000
FeXANES_GT15_FeTiXRD_striated2_8.001,3,0.0290,0.0008,1.0173,3,0.3848,0.0000,0.0000,0.0000,0.0000,0.0000,0.1395,0.0000,0.0000,0.4758,0.0000,0.0000,0.0000,0.0000,0.0000,0.0000,0.0000,0.0000,0.0000,0.0000,0.0000,0.0000,0.0000,0.0000,0.0000,0.0000
FeXANES_GT15_Fe_1.001,3,0.0284,0.0008,1.0102,3,0.3825,0.0000,0.0000,0.0000,0.0000,0.0000,0.1423,0.0000,0.0000,0.4752,0.0000,0.0000,0.0000,0.0000,0.0000,0.0000,0.0000,0.0000,0.0000,0.0000,0.0000,0.0000,0.0000,0.0000,0.0000,0.0000
FeXANES_GT15_Fe_2.001,1,0.0099,0.0001,1.0099,3,0.3035,0.0000,0.0000,0.5552,0.0000,0.0000,0.0000,0.0000,0.0000,0.0000,0.0000,0.0000,0.0000,0.1412,0.0000,0.0000,0.0000,0.0000,0.0000,0.0000,0.0000,0.0000,0.0000,0.0000,0.0000,0.0000
FeXANES_GT15_Fe_3.001,1,0.0109,0.0001,1.0076,3,0.0000,0.0000,0.0000,0.6114,0.0000,0.0000,0.1820,0.0000,0.0000,0.0000,0.0000,0.0000,0.0000,0.2066,0.0000,0.0000,0.0000,0.0000,0.0000,0.0000,0.0000,0.0000,0.0000,0.0000,0.0000,0.0000
FeXANES_GT15_Fe_4.001,4,0.0290,0.0008,1.0000,3,0.2417,0.0000,0.0000,0.6053,0.0000,0.0000,0.0000,0.0000,0.0000,0.1531,0.0000,0.0000,0.0000,0.0000,0.0000,0.0000,0.0000,0.0000,0.0000,0.0000,0.0000,0.0000,0.0000,0.0000,0.0000,0.0000
FeXANES_GT15_Fe_5.001,5,0.0201,0.0004,1.0212,3,0.0000,0.0000,0.0000,0.3128,0.0000,0.0000,0.0000,0.1967,0.0000,0.0000,0.0000,0.4905,0.0000,0.0000,0.0000,0.0000,0.0000,0.0000,0.0000,0.0000,0.0000,0.0000,0.0000,0.0000,0.0000,0.0000
FeXANES_GT15_Fe_6.001,4,0.0182,0.0004,1.0148,3,0.1589,0.0000,0.0000,0.0000,0.0000,0.5744,0.0000,0.0000,0.0000,0.0000,0.0000,0.0000,0.0000,0.0000,0.0000,0.0000,0.0000,0.0000,0.2667,0.0000,0.0000,0.0000,0.0000,0.0000,0.0000,0.0000
FeXANES_GT15_Fe_striated2_1.001,5,0.0103,0.0001,1.0218,3,0.1130,0.0000,0.0000,0.2718,0.0000,0.0000,0.0000,0.0000,0.0000,0.0000,0.6153,0.0000,0.0000,0.0000,0.0000,0.0000,0.0000,0.0000,0.0000,0.0000,0.0000,0.0000,0.0000,0.0000,0.0000,0.0000
FeXANES_GT15_flaky_gray_mix_Fe_1.001,1,0.0077,0.0001,1.0134,3,0.5565,0.0000,0.0000,0.0000,0.3245,0.0000,0.0000,0.0000,0.0000,0.0000,0.0000,0.0000,0.0000,0.0000,0.0000,0.0000,0.0000,0.0000,0.0000,0.0000,0.0000,0.0000,0.0000,0.0000,0.1191,0.0000
FeXANES_GT15_flaky_gray_mix_Fe_2.001,1,0.0069,0.0001,1.0161,3,0.5546,0.0000,0.0000,0.0000,0.2389,0.0000,0.0000,0.0000,0.0000,0.0000,0.0000,0.0000,0.0000,0.0000,0.0000,0.0000,0.0000,0.0000,0.0000,0.0000,0.0000,0.0000,0.0000,0.2065,0.0000,0.0000
FeXANES_GT15_flaky_gray_mix_Fe_3.001,5,0.0201,0.0004,1.0288,3,0.0000,0.2894,0.0000,0.0000,0.5799,0.0000,0.0000,0.0000,0.0000,0.0000,0.0000,0.0000,0.0000,0.0000,0.0000,0.1308,0.0000,0.0000,0.0000,0.0000,0.0000,0.0000,0.0000,0.0000,0.0000,0.0000
FeXANES_GT15_flaky_gray_mix_Fe_4.001,2,0.0089,0.0001,1.0134,3,0.0000,0.0000,0.4407,0.0000,0.1827,0.0000,0.0000,0.0000,0.3766,0.0000,0.0000,0.0000,0.0000,0.0000,0.0000,0.0000,0.0000,0.0000,0.0000,0.0000,0.0000,0.0000,0.0000,0.0000,0.0000,0.0000
FeXANES_GT15_flaky_gray_mix_Fe_5.001,1,0.0194,0.0008,1.0194,3,0.0000,0.2192,0.3771,0.0000,0.4037,0.0000,0.0000,0.0000,0.0000,0.0000,0.0000,0.0000,0.0000,0.0000,0.0000,0.0000,0.0000,0.0000,0.0000,0.0000,0.0000,0.0000,0.0000,0.0000,0.0000,0.0000
FeXANES_GT15_flaky_gray_mix_Fe_6.001,1,0.0239,0.0010,1.0433,3,0.0000,0.2938,0.6018,0.0000,0.1044,0.0000,0.0000,0.0000,0.0000,0.0000,0.0000,0.0000,0.0000,0.0000,0.0000,0.0000,0.0000,0.0000,0.0000,0.0000,0.0000,0.0000,0.0000,0.0000,0.0000,0.0000
FeXANES_GT15_flaky_gray_mix_Fe_7.001,2,0.0082,0.0001,1.0236,3,0.1455,0.0769,0.0000,0.0000,0.0000,0.0000,0.0000,0.0000,0.7776,0.0000,0.0000,0.0000,0.0000,0.0000,0.0000,0.0000,0.0000,0.0000,0.0000,0.0000,0.0000,0.0000,0.0000,0.0000,0.0000,0.0000
FeXANES_GT15_flaky_gray_mix_Fe_8.001,2,0.0135,0.0001,1.0190,3,0.0000,0.1375,0.0000,0.0000,0.1609,0.0000,0.0000,0.0000,0.7016,0.0000,0.0000,0.0000,0.0000,0.0000,0.0000,0.0000,0.0000,0.0000,0.0000,0.0000,0.0000,0.0000,0.0000,0.0000,0.0000,0.0000
FeXANES_GT15_flakydark_Fe_1.001,3,0.0140,0.0002,1.0166,3,0.5142,0.0000,0.0000,0.3441,0.0000,0.1417,0.0000,0.0000,0.0000,0.0000,0.0000,0.0000,0.0000,0.0000,0.0000,0.0000,0.0000,0.0000,0.0000,0.0000,0.0000,0.0000,0.0000,0.0000,0.0000,0.0000
FeXANES_GT15_flakydark_Fe_2.001,3,0.0140,0.0002,1.0084,3,0.5035,0.0000,0.0000,0.3645,0.0000,0.1320,0.0000,0.0000,0.0000,0.0000,0.0000,0.0000,0.0000,0.0000,0.0000,0.0000,0.0000,0.0000,0.0000,0.0000,0.0000,0.0000,0.0000,0.0000,0.0000,0.0000
FeXANES_GT15_flakydark_Fe_3.001,3,0.0150,0.0002,1.0199,3,0.5598,0.3652,0.0000,0.0000,0.0000,0.0000,0.0750,0.0000,0.0000,0.0000,0.0000,0.0000,0.0000,0.0000,0.0000,0.0000,0.0000,0.0000,0.0000,0.0000,0.0000,0.0000,0.0000,0.0000,0.0000,0.0000
FeXANES_GT15_flakydark_Fe_4.001,1,0.0082,0.0001,1.0112,3,0.3626,0.0000,0.0000,0.5577,0.0000,0.0000,0.0000,0.0000,0.0000,0.0000,0.0000,0.0000,0.0000,0.0000,0.0000,0.0000,0.0796,0.0000,0.0000,0.0000,0.0000,0.0000,0.0000,0.0000,0.0000,0.0000
FeXANES_GT15_flakydark_Fe_5.001,3,0.0116,0.0001,1.0020,3,0.4687,0.0000,0.0000,0.4408,0.0000,0.0905,0.0000,0.0000,0.0000,0.0000,0.0000,0.0000,0.0000,0.0000,0.0000,0.0000,0.0000,0.0000,0.0000,0.0000,0.0000,0.0000,0.0000,0.0000,0.0000,0.0000
FeXANES_GT15_flakydark_Fe_6.001,3,0.0141,0.0002,1.0173,3,0.4960,0.0000,0.0000,0.3516,0.0000,0.1524,0.0000,0.0000,0.0000,0.0000,0.0000,0.0000,0.0000,0.0000,0.0000,0.0000,0.0000,0.0000,0.0000,0.0000,0.0000,0.0000,0.0000,0.0000,0.0000,0.0000
FeXANES_GT15_rectangles_Fe_1.001,3,0.0274,0.0007,1.0044,3,0.4263,0.0000,0.0000,0.0000,0.0000,0.0000,0.1634,0.0000,0.0000,0.4103,0.0000,0.0000,0.0000,0.0000,0.0000,0.0000,0.0000,0.0000,0.0000,0.0000,0.0000,0.0000,0.0000,0.0000,0.0000,0.0000
FeXANES_GT15_rectangles_Fe_2.001,3,0.0286,0.0008,1.0116,3,0.3828,0.0000,0.0000,0.0000,0.0000,0.0000,0.1400,0.0000,0.0000,0.4772,0.0000,0.0000,0.0000,0.0000,0.0000,0.0000,0.0000,0.0000,0.0000,0.0000,0.0000,0.0000,0.0000,0.0000,0.0000,0.0000
FeXANES_GT15_rectangles_Fe_3.001,3,0.0232,0.0006,1.0063,3,0.4246,0.0000,0.0000,0.0000,0.0000,0.3148,0.2606,0.0000,0.0000,0.0000,0.0000,0.0000,0.0000,0.0000,0.0000,0.0000,0.0000,0.0000,0.0000,0.0000,0.0000,0.0000,0.0000,0.0000,0.0000,0.0000
FeXANES_GT15_rectangles_Fe_4.001,1,0.0116,0.0001,1.0075,3,0.4565,0.0000,0.0679,0.4757,0.0000,0.0000,0.0000,0.0000,0.0000,0.0000,0.0000,0.0000,0.0000,0.0000,0.0000,0.0000,0.0000,0.0000,0.0000,0.0000,0.0000,0.0000,0.0000,0.0000,0.0000,0.0000
FeXANES_GT15_rectangles_Fe_5.001,1,0.0113,0.0001,1.0183,3,0.3455,0.0000,0.1502,0.5043,0.0000,0.0000,0.0000,0.0000,0.0000,0.0000,0.0000,0.0000,0.0000,0.0000,0.0000,0.0000,0.0000,0.0000,0.0000,0.0000,0.0000,0.0000,0.0000,0.0000,0.0000,0.0000
FeXANES_GT15_rectangles_Fe_6.001,1,0.0110,0.0001,1.0057,3,0.2837,0.0000,0.2758,0.4404,0.0000,0.0000,0.0000,0.0000,0.0000,0.0000,0.0000,0.0000,0.0000,0.0000,0.0000,0.0000,0.0000,0.0000,0.0000,0.0000,0.0000,0.0000,0.0000,0.0000,0.0000,0.0000
FeXANES_GT15_super_dark_Fe_1.001,1,0.0115,0.0001,1.0260,3,0.0000,0.3356,0.0000,0.0000,0.4595,0.0000,0.0000,0.2049,0.0000,0.0000,0.0000,0.0000,0.0000,0.0000,0.0000,0.0000,0.0000,0.0000,0.0000,0.0000,0.0000,0.0000,0.0000,0.0000,0.0000,0.0000
FeXANES_GT15_super_dark_Fe_10.001,1,0.0182,0.0004,1.0513,3,0.1001,0.0830,0.0000,0.0000,0.8168,0.0000,0.0000,0.0000,0.0000,0.0000,0.0000,0.0000,0.0000,0.0000,0.0000,0.0000,0.0000,0.0000,0.0000,0.0000,0.0000,0.0000,0.0000,0.0000,0.0000,0.0000
FeXANES_GT15_super_dark_Fe_11.001,5,0.0106,0.0001,1.0543,3,0.0000,0.0000,0.0000,0.3483,0.5193,0.0000,0.0000,0.0000,0.0000,0.0000,0.1324,0.0000,0.0000,0.0000,0.0000,0.0000,0.0000,0.0000,0.0000,0.0000,0.0000,0.0000,0.0000,0.0000,0.0000,0.0000
FeXANES_GT15_super_dark_Fe_12.001,5,0.0273,0.0008,1.0152,3,0.0000,0.5149,0.0000,0.0000,0.0000,0.0000,0.0000,0.0000,0.0000,0.0000,0.0000,0.0000,0.0223,0.0000,0.4628,0.0000,0.0000,0.0000,0.0000,0.0000,0.0000,0.0000,0.0000,0.0000,0.0000,0.0000
FeXANES_GT15_super_dark_Fe_13.001,5,0.0304,0.0010,0.9934,2,0.0000,0.5547,0.0000,0.0000,0.0000,0.0000,0.0000,0.0000,0.0000,0.0000,0.0000,0.0000,0.0000,0.0000,0.0000,0.0000,0.0000,0.0000,0.0000,0.0000,0.0000,0.0000,0.0000,0.4453,0.0000,0.0000
FeXANES_GT15_super_dark_Fe_14.001,3,0.0189,0.0005,1.0333,3,0.8187,0.0000,0.0000,0.0000,0.0000,0.0000,0.0000,0.0000,0.0000,0.0000,0.1528,0.0000,0.0000,0.0000,0.0000,0.0285,0.0000,0.0000,0.0000,0.0000,0.0000,0.0000,0.0000,0.0000,0.0000,0.0000
FeXANES_GT15_super_dark_Fe_15.001,2,0.0187,0.0003,1.0063,3,0.0000,0.2410,0.0000,0.0000,0.0000,0.0000,0.0000,0.0681,0.6909,0.0000,0.0000,0.0000,0.0000,0.0000,0.0000,0.0000,0.0000,0.0000,0.0000,0.0000,0.0000,0.0000,0.0000,0.0000,0.0000,0.0000
FeXANES_GT15_super_dark_Fe_16.001,2,0.0100,0.0001,1.0012,3,0.0000,0.0000,0.4082,0.0000,0.3532,0.0000,0.0000,0.0000,0.0000,0.0000,0.0000,0.0000,0.0000,0.0000,0.2386,0.0000,0.0000,0.0000,0.0000,0.0000,0.0000,0.0000,0.0000,0.0000,0.0000,0.0000
FeXANES_GT15_super_dark_Fe_17.001,2,0.0116,0.0001,1.0328,3,0.0000,0.0000,0.0000,0.0000,0.2404,0.0000,0.0000,0.0000,0.7173,0.0000,0.0000,0.0000,0.0423,0.0000,0.0000,0.0000,0.0000,0.0000,0.0000,0.0000,0.0000,0.0000,0.0000,0.0000,0.0000,0.0000
FeXANES_GT15_super_dark_Fe_18.001,3,0.0237,0.0006,1.0006,3,0.6300,0.0000,0.0000,0.0000,0.0000,0.1596,0.2104,0.0000,0.0000,0.0000,0.0000,0.0000,0.0000,0.0000,0.0000,0.0000,0.0000,0.0000,0.0000,0.0000,0.0000,0.0000,0.0000,0.0000,0.0000,0.0000
FeXANES_GT15_super_dark_Fe_19.001,1,0.0220,0.0006,1.0394,3,0.4168,0.0000,0.0000,0.0000,0.5213,0.0619,0.0000,0.0000,0.0000,0.0000,0.0000,0.0000,0.0000,0.0000,0.0000,0.0000,0.0000,0.0000,0.0000,0.0000,0.0000,0.0000,0.0000,0.0000,0.0000,0.0000
FeXANES_GT15_super_dark_Fe_2.001,1,0.0171,0.0004,1.0537,3,0.0000,0.0371,0.6308,0.0000,0.3321,0.0000,0.0000,0.0000,0.0000,0.0000,0.0000,0.0000,0.0000,0.0000,0.0000,0.0000,0.0000,0.0000,0.0000,0.0000,0.0000,0.0000,0.0000,0.0000,0.0000,0.0000
FeXANES_GT15_super_dark_Fe_20.001,2,0.0231,0.0005,1.0332,3,0.0000,0.0000,0.7330,0.0000,0.0000,0.0000,0.0000,0.0000,0.0000,0.0000,0.0000,0.0000,0.0000,0.0000,0.2558,0.0000,0.0000,0.0000,0.0000,0.0000,0.0000,0.0000,0.0000,0.0000,0.0000,0.0111
FeXANES_GT15_super_dark_Fe_21.001,5,0.0092,0.0001,1.0080,3,0.0000,0.0000,0.0000,0.1536,0.7128,0.0000,0.0000,0.0000,0.0000,0.0000,0.0000,0.0000,0.0000,0.0000,0.0000,0.0000,0.0000,0.0000,0.0000,0.1336,0.0000,0.0000,0.0000,0.0000,0.0000,0.0000
FeXANES_GT15_super_dark_Fe_22.001,2,0.0195,0.0005,1.0618,3,0.0000,0.0000,0.4881,0.0000,0.0000,0.0000,0.1327,0.0000,0.0000,0.0000,0.0000,0.0000,0.0000,0.0000,0.0000,0.0000,0.0000,0.0000,0.0000,0.3792,0.0000,0.0000,0.0000,0.0000,0.0000,0.0000
FeXANES_GT15_super_dark_Fe_23.001,1,0.0096,0.0001,1.0276,3,0.0000,0.2225,0.5517,0.0000,0.0000,0.0000,0.0000,0.0000,0.0000,0.0000,0.0000,0.0000,0.0000,0.2257,0.0000,0.0000,0.0000,0.0000,0.0000,0.0000,0.0000,0.0000,0.0000,0.0000,0.0000,0.0000
FeXANES_GT15_super_dark_Fe_24.001,2,0.0115,0.0001,1.0163,3,0.0000,0.0711,0.3577,0.0000,0.0000,0.0000,0.0000,0.0000,0.5712,0.0000,0.0000,0.0000,0.0000,0.0000,0.0000,0.0000,0.0000,0.0000,0.0000,0.0000,0.0000,0.0000,0.0000,0.0000,0.0000,0.0000
FeXANES_GT15_super_dark_Fe_3.001,2,0.0087,0.0001,0.9965,3,0.1401,0.0000,0.0000,0.0000,0.0000,0.0000,0.0000,0.0211,0.0000,0.0000,0.0000,0.0000,0.8388,0.0000,0.0000,0.0000,0.0000,0.0000,0.0000,0.0000,0.0000,0.0000,0.0000,0.0000,0.0000,0.0000
FeXANES_GT15_super_dark_Fe_4.001,2,0.0091,0.0001,1.0153,3,0.0000,0.0000,0.1551,0.0000,0.1062,0.0000,0.0000,0.0000,0.0000,0.0000,0.0000,0.0000,0.7387,0.0000,0.0000,0.0000,0.0000,0.0000,0.0000,0.0000,0.0000,0.0000,0.0000,0.0000,0.0000,0.0000
FeXANES_GT15_super_dark_Fe_6.001,1,0.0084,0.0001,1.0110,3,0.0000,0.2459,0.5182,0.0000,0.0000,0.0000,0.0000,0.2359,0.0000,0.0000,0.0000,0.0000,0.0000,0.0000,0.0000,0.0000,0.0000,0.0000,0.0000,0.0000,0.0000,0.0000,0.0000,0.0000,0.0000,0.0000
FeXANES_GT15_super_dark_Fe_7.001,2,0.0158,0.0003,1.0537,3,0.0000,0.0000,0.2602,0.0000,0.3654,0.0000,0.0000,0.0000,0.0000,0.0000,0.0000,0.0000,0.0000,0.0000,0.0000,0.3744,0.0000,0.0000,0.0000,0.0000,0.0000,0.0000,0.0000,0.0000,0.0000,0.0000
FeXANES_GT15_super_dark_Fe_8.001,3,0.0256,0.0007,1.0039,3,0.3033,0.0000,0.0000,0.0000,0.0000,0.0000,0.2279,0.0000,0.0000,0.4687,0.0000,0.0000,0.0000,0.0000,0.0000,0.0000,0.0000,0.0000,0.0000,0.0000,0.0000,0.0000,0.0000,0.0000,0.0000,0.0000
FeXANES_GT15_super_dark_Fe_9.001,5,0.0106,0.0001,1.0020,3,0.0000,0.0000,0.3746,0.0000,0.0000,0.0000,0.0000,0.0000,0.0000,0.0000,0.0000,0.0000,0.0000,0.0000,0.0000,0.0000,0.0000,0.0000,0.2527,0.0000,0.0000,0.3727,0.0000,0.0000,0.0000,0.0000
FeXANES_GT5_Fe_Flaky1_1.001,1,0.0131,0.0001,1.0215,3,0.5023,0.0000,0.2056,0.0000,0.0000,0.0000,0.0000,0.0000,0.0000,0.0000,0.0000,0.2922,0.0000,0.0000,0.0000,0.0000,0.0000,0.0000,0.0000,0.0000,0.0000,0.0000,0.0000,0.0000,0.0000,0.0000
FeXANES_GT5_Fe_Flaky1_10.001,1,0.0105,0.0001,1.0304,3,0.2681,0.4484,0.0000,0.0000,0.0000,0.0000,0.0000,0.0000,0.0000,0.0000,0.0000,0.0000,0.0000,0.2835,0.0000,0.0000,0.0000,0.0000,0.0000,0.0000,0.0000,0.0000,0.0000,0.0000,0.0000,0.0000
FeXANES_GT5_Fe_Flaky1_2.001,1,0.0115,0.0001,1.0237,3,0.1047,0.0000,0.4814,0.4139,0.0000,0.0000,0.0000,0.0000,0.0000,0.0000,0.0000,0.0000,0.0000,0.0000,0.0000,0.0000,0.0000,0.0000,0.0000,0.0000,0.0000,0.0000,0.0000,0.0000,0.0000,0.0000
FeXANES_GT5_Fe_Flaky1_3.001,4,0.0105,0.0001,1.0248,3,0.1957,0.3418,0.0000,0.4625,0.0000,0.0000,0.0000,0.0000,0.0000,0.0000,0.0000,0.0000,0.0000,0.0000,0.0000,0.0000,0.0000,0.0000,0.0000,0.0000,0.0000,0.0000,0.0000,0.0000,0.0000,0.0000
FeXANES_GT5_Fe_Flaky1_4.001,1,0.0099,0.0001,1.0332,3,0.4716,0.2734,0.0000,0.0000,0.0000,0.0000,0.0000,0.0000,0.0000,0.0000,0.0000,0.0000,0.0000,0.0000,0.0000,0.0000,0.0000,0.2549,0.0000,0.0000,0.0000,0.0000,0.0000,0.0000,0.0000,0.0000
FeXANES_GT5_Fe_Flaky1_5.001,1,0.0105,0.0001,1.0212,3,0.1804,0.0000,0.2728,0.5468,0.0000,0.0000,0.0000,0.0000,0.0000,0.0000,0.0000,0.0000,0.0000,0.0000,0.0000,0.0000,0.0000,0.0000,0.0000,0.0000,0.0000,0.0000,0.0000,0.0000,0.0000,0.0000
FeXANES_GT5_Fe_Flaky1_6.001,1,0.0110,0.0001,1.0278,3,0.5383,0.0000,0.0000,0.0739,0.0000,0.0000,0.0000,0.0000,0.0000,0.0000,0.0000,0.0000,0.0000,0.0000,0.0000,0.0000,0.0000,0.3878,0.0000,0.0000,0.0000,0.0000,0.0000,0.0000,0.0000,0.0000
FeXANES_GT5_Fe_Flaky1_7.001,1,0.0097,0.0001,1.0314,3,0.0000,0.3237,0.4885,0.0000,0.0000,0.0000,0.0000,0.1878,0.0000,0.0000,0.0000,0.0000,0.0000,0.0000,0.0000,0.0000,0.0000,0.0000,0.0000,0.0000,0.0000,0.0000,0.0000,0.0000,0.0000,0.0000
FeXANES_GT5_Fe_Flaky1_8.001,1,0.0093,0.0001,1.0314,3,0.0000,0.1642,0.7235,0.0000,0.0000,0.0000,0.0000,0.1123,0.0000,0.0000,0.0000,0.0000,0.0000,0.0000,0.0000,0.0000,0.0000,0.0000,0.0000,0.0000,0.0000,0.0000,0.0000,0.0000,0.0000,0.0000
FeXANES_GT5_Fe_Flaky1_9.001,1,0.0094,0.0001,1.0326,3,0.1297,0.1858,0.6845,0.0000,0.0000,0.0000,0.0000,0.0000,0.0000,0.0000,0.0000,0.0000,0.0000,0.0000,0.0000,0.0000,0.0000,0.0000,0.0000,0.0000,0.0000,0.0000,0.0000,0.0000,0.0000,0.0000
FeXANES_GT5_concentric_gray1_Fe_1.001,1,0.0094,0.0001,1.0046,3,0.0895,0.0000,0.3918,0.5187,0.0000,0.0000,0.0000,0.0000,0.0000,0.0000,0.0000,0.0000,0.0000,0.0000,0.0000,0.0000,0.0000,0.0000,0.0000,0.0000,0.0000,0.0000,0.0000,0.0000,0.0000,0.0000
FeXANES_GT5_concentric_gray1_Fe_2.001,1,0.0123,0.0002,1.0128,3,0.4152,0.0000,0.0000,0.0000,0.0000,0.2293,0.0000,0.0000,0.0000,0.0000,0.3555,0.0000,0.0000,0.0000,0.0000,0.0000,0.0000,0.0000,0.0000,0.0000,0.0000,0.0000,0.0000,0.0000,0.0000,0.0000
FeXANES_GT5_concentric_gray1_Fe_3.001,4,0.0116,0.0001,1.0034,3,0.0000,0.0000,0.2543,0.5726,0.0000,0.1730,0.0000,0.0000,0.0000,0.0000,0.0000,0.0000,0.0000,0.0000,0.0000,0.0000,0.0000,0.0000,0.0000,0.0000,0.0000,0.0000,0.0000,0.0000,0.0000,0.0000
FeXANES_GT5_concentric_gray1_Fe_4.001,1,0.0089,0.0001,1.0128,3,0.0000,0.3375,0.4533,0.0000,0.0000,0.0000,0.0000,0.2092,0.0000,0.0000,0.0000,0.0000,0.0000,0.0000,0.0000,0.0000,0.0000,0.0000,0.0000,0.0000,0.0000,0.0000,0.0000,0.0000,0.0000,0.0000
FeXANES_GT5_concentric_gray1_Fe_5.001,1,0.0129,0.0002,1.0170,3,0.4487,0.3719,0.0000,0.0000,0.0000,0.0000,0.0000,0.0000,0.0000,0.0000,0.0000,0.0000,0.0000,0.1794,0.0000,0.0000,0.0000,0.0000,0.0000,0.0000,0.0000,0.0000,0.0000,0.0000,0.0000,0.0000
FeXANES_GT5_concentric_gray1_Fe_6.001,1,0.0173,0.0003,1.0289,3,0.4233,0.3752,0.0000,0.0000,0.0000,0.0000,0.0000,0.0000,0.0000,0.0000,0.0000,0.0000,0.0000,0.2015,0.0000,0.0000,0.0000,0.0000,0.0000,0.0000,0.0000,0.0000,0.0000,0.0000,0.0000,0.0000
FeXANES_GT5_concentric_gray1_Fe_7.001,1,0.0128,0.0002,1.0217,3,0.3061,0.2524,0.0000,0.0000,0.4414,0.0000,0.0000,0.0000,0.0000,0.0000,0.0000,0.0000,0.0000,0.0000,0.0000,0.0000,0.0000,0.0000,0.0000,0.0000,0.0000,0.0000,0.0000,0.0000,0.0000,0.0000
FeXANES_GT5_concentric_gray1_Fe_8.001,2,0.0097,0.0001,1.0019,3,0.0000,0.0000,0.3586,0.0000,0.3464,0.0000,0.0000,0.0000,0.0000,0.0000,0.0000,0.0000,0.0000,0.0000,0.0000,0.0000,0.0000,0.0000,0.0000,0.2950,0.0000,0.0000,0.0000,0.0000,0.0000,0.0000
FeXANES_GT5_concentric_gray3_Fe_1.001,5,0.0215,0.0004,1.0246,3,0.0000,0.4518,0.0000,0.0000,0.3344,0.0000,0.0000,0.0000,0.0000,0.0000,0.0000,0.0000,0.0000,0.2138,0.0000,0.0000,0.0000,0.0000,0.0000,0.0000,0.0000,0.0000,0.0000,0.0000,0.0000,0.0000
FeXANES_GT5_concentric_gray3_Fe_10.001,5,0.0122,0.0002,1.0167,3,0.0000,0.2215,0.0000,0.0000,0.2318,0.0000,0.0000,0.0000,0.0000,0.0000,0.5467,0.0000,0.0000,0.0000,0.0000,0.0000,0.0000,0.0000,0.0000,0.0000,0.0000,0.0000,0.0000,0.0000,0.0000,0.0000
FeXANES_GT5_concentric_gray3_Fe_11.001,5,0.0142,0.0002,1.0064,3,0.0000,0.1641,0.0000,0.1074,0.0000,0.0000,0.0000,0.0000,0.0000,0.0000,0.7284,0.0000,0.0000,0.0000,0.0000,0.0000,0.0000,0.0000,0.0000,0.0000,0.0000,0.0000,0.0000,0.0000,0.0000,0.0000
FeXANES_GT5_concentric_gray3_Fe_2.001,5,0.0114,0.0001,1.0161,3,0.0000,0.0626,0.0000,0.0000,0.2178,0.0000,0.0000,0.0000,0.0000,0.0000,0.7196,0.0000,0.0000,0.0000,0.0000,0.0000,0.0000,0.0000,0.0000,0.0000,0.0000,0.0000,0.0000,0.0000,0.0000,0.0000
FeXANES_GT5_concentric_gray3_Fe_3.001,2,0.0106,0.0001,1.0445,3,0.0000,0.1308,0.0000,0.0000,0.3336,0.0000,0.0000,0.0000,0.5355,0.0000,0.0000,0.0000,0.0000,0.0000,0.0000,0.0000,0.0000,0.0000,0.0000,0.0000,0.0000,0.0000,0.0000,0.0000,0.0000,0.0000
FeXANES_GT5_concentric_gray3_Fe_4.001,2,0.0103,0.0001,0.9776,3,0.0000,0.0000,0.1300,0.0000,0.0000,0.0000,0.0000,0.0000,0.0000,0.0000,0.6618,0.0000,0.0000,0.0000,0.0000,0.0000,0.0000,0.0000,0.0000,0.0000,0.0000,0.0000,0.2082,0.0000,0.0000,0.0000
FeXANES_GT5_concentric_gray3_Fe_5.001,4,0.0146,0.0003,1.0189,3,0.0216,0.0000,0.0000,0.7032,0.0000,0.2752,0.0000,0.0000,0.0000,0.0000,0.0000,0.0000,0.0000,0.0000,0.0000,0.0000,0.0000,0.0000,0.0000,0.0000,0.0000,0.0000,0.0000,0.0000,0.0000,0.0000
FeXANES_GT5_concentric_gray3_Fe_6.001,4,0.0137,0.0003,1.0183,3,0.0000,0.0998,0.0000,0.7426,0.0000,0.1576,0.0000,0.0000,0.0000,0.0000,0.0000,0.0000,0.0000,0.0000,0.0000,0.0000,0.0000,0.0000,0.0000,0.0000,0.0000,0.0000,0.0000,0.0000,0.0000,0.0000
FeXANES_GT5_concentric_gray3_Fe_7.001,4,0.0146,0.0003,1.0219,3,0.0172,0.0000,0.0000,0.7340,0.0000,0.2488,0.0000,0.0000,0.0000,0.0000,0.0000,0.0000,0.0000,0.0000,0.0000,0.0000,0.0000,0.0000,0.0000,0.0000,0.0000,0.0000,0.0000,0.0000,0.0000,0.0000
FeXANES_GT5_concentric_gray3_Fe_8.001,1,0.0171,0.0003,1.0306,3,0.0000,0.3557,0.1678,0.0000,0.0000,0.0000,0.0000,0.4765,0.0000,0.0000,0.0000,0.0000,0.0000,0.0000,0.0000,0.0000,0.0000,0.0000,0.0000,0.0000,0.0000,0.0000,0.0000,0.0000,0.0000,0.0000
FeXANES_GT5_concentric_gray3_Fe_9.001,1,0.0159,0.0002,1.0279,3,0.0000,0.4885,0.1833,0.0000,0.0000,0.0000,0.0000,0.3283,0.0000,0.0000,0.0000,0.0000,0.0000,0.0000,0.0000,0.0000,0.0000,0.0000,0.0000,0.0000,0.0000,0.0000,0.0000,0.0000,0.0000,0.0000
FeXANES_GT5_flaky2_FeXRD_1.001,2,0.0110,0.0001,1.0248,3,0.0000,0.0000,0.4244,0.0000,0.0000,0.0000,0.0000,0.0000,0.4415,0.0000,0.0000,0.0000,0.1342,0.0000,0.0000,0.0000,0.0000,0.0000,0.0000,0.0000,0.0000,0.0000,0.0000,0.0000,0.0000,0.0000
FeXANES_GT5_flaky2_FeXRD_10.001,1,0.0146,0.0003,1.0391,3,0.0000,0.0000,0.4984,0.0000,0.3902,0.0000,0.0000,0.0000,0.1114,0.0000,0.0000,0.0000,0.0000,0.0000,0.0000,0.0000,0.0000,0.0000,0.0000,0.0000,0.0000,0.0000,0.0000,0.0000,0.0000,0.0000
FeXANES_GT5_flaky2_FeXRD_11.001,2,0.0132,0.0002,1.0383,3,0.0000,0.0000,0.6248,0.0000,0.0000,0.0000,0.0000,0.0000,0.3495,0.0000,0.0000,0.0000,0.0000,0.0000,0.0257,0.0000,0.0000,0.0000,0.0000,0.0000,0.0000,0.0000,0.0000,0.0000,0.0000,0.0000
FeXANES_GT5_flaky2_FeXRD_12.001,2,0.0102,0.0001,1.0193,3,0.2457,0.0000,0.0000,0.0000,0.0000,0.0000,0.0000,0.0000,0.2596,0.0000,0.0000,0.0000,0.4947,0.0000,0.0000,0.0000,0.0000,0.0000,0.0000,0.0000,0.0000,0.0000,0.0000,0.0000,0.0000,0.0000
FeXANES_GT5_flaky2_FeXRD_13.001,2,0.0085,0.0001,1.0205,3,0.1979,0.0000,0.0000,0.0000,0.0000,0.0000,0.0000,0.1033,0.0000,0.0000,0.0000,0.0000,0.6988,0.0000,0.0000,0.0000,0.0000,0.0000,0.0000,0.0000,0.0000,0.0000,0.0000,0.0000,0.0000,0.0000
FeXANES_GT5_flaky2_FeXRD_14.001,2,0.0097,0.0001,1.0226,3,0.0814,0.0000,0.0000,0.0000,0.3751,0.0000,0.0000,0.0000,0.0000,0.0000,0.0000,0.0000,0.5436,0.0000,0.0000,0.0000,0.0000,0.0000,0.0000,0.0000,0.0000,0.0000,0.0000,0.0000,0.0000,0.0000
FeXANES_GT5_flaky2_FeXRD_15.001,2,0.0096,0.0001,1.0318,3,0.0000,0.0578,0.5556,0.0000,0.0000,0.0000,0.0000,0.0000,0.3866,0.0000,0.0000,0.0000,0.0000,0.0000,0.0000,0.0000,0.0000,0.0000,0.0000,0.0000,0.0000,0.0000,0.0000,0.0000,0.0000,0.0000
FeXANES_GT5_flaky2_FeXRD_16.001,2,0.0093,0.0001,1.0086,3,0.0000,0.0000,0.4502,0.0000,0.0893,0.0000,0.0000,0.0000,0.4605,0.0000,0.0000,0.0000,0.0000,0.0000,0.0000,0.0000,0.0000,0.0000,0.0000,0.0000,0.0000,0.0000,0.0000,0.0000,0.0000,0.0000
FeXANES_GT5_flaky2_FeXRD_17.001,1,0.0206,0.0004,1.0190,3,0.0000,0.0000,0.1910,0.0000,0.0000,0.0000,0.0000,0.4510,0.0000,0.0000,0.0000,0.0000,0.0000,0.0000,0.0000,0.0000,0.0000,0.0000,0.0000,0.0000,0.3580,0.0000,0.0000,0.0000,0.0000,0.0000
FeXANES_GT5_flaky2_FeXRD_18.001,1,0.0182,0.0004,1.0157,3,0.2068,0.4669,0.0000,0.0000,0.0000,0.0000,0.0000,0.3263,0.0000,0.0000,0.0000,0.0000,0.0000,0.0000,0.0000,0.0000,0.0000,0.0000,0.0000,0.0000,0.0000,0.0000,0.0000,0.0000,0.0000,0.0000
FeXANES_GT5_flaky2_FeXRD_2.001,1,0.0215,0.0005,1.0539,3,0.2235,0.0960,0.0000,0.0000,0.6806,0.0000,0.0000,0.0000,0.0000,0.0000,0.0000,0.0000,0.0000,0.0000,0.0000,0.0000,0.0000,0.0000,0.0000,0.0000,0.0000,0.0000,0.0000,0.0000,0.0000,0.0000
FeXANES_GT5_flaky2_FeXRD_3.001,2,0.0103,0.0001,1.0051,3,0.0000,0.0000,0.1846,0.0000,0.0000,0.0000,0.0000,0.0000,0.7616,0.0000,0.0000,0.0000,0.0000,0.0000,0.0000,0.0537,0.0000,0.0000,0.0000,0.0000,0.0000,0.0000,0.0000,0.0000,0.0000,0.0000
FeXANES_GT5_flaky2_FeXRD_4.001,1,0.0099,0.0001,1.0099,3,0.0000,0.4096,0.4905,0.0000,0.0000,0.0000,0.0999,0.0000,0.0000,0.0000,0.0000,0.0000,0.0000,0.0000,0.0000,0.0000,0.0000,0.0000,0.0000,0.0000,0.0000,0.0000,0.0000,0.0000,0.0000,0.0000
FeXANES_GT5_flaky2_FeXRD_5.001,2,0.0118,0.0001,0.9894,3,0.0000,0.0000,0.5414,0.0000,0.0000,0.0000,0.0000,0.0000,0.4586,0.0000,0.0000,0.0000,0.0000,0.0000,0.0000,0.0000,0.0000,0.0000,0.0000,0.0000,0.0000,0.0000,0.0000,0.0000,0.0000,0.0000
FeXANES_GT5_flaky2_FeXRD_6.001,1,0.0066,0.0000,1.0155,3,0.0803,0.0943,0.0000,0.0000,0.8254,0.0000,0.0000,0.0000,0.0000,0.0000,0.0000,0.0000,0.0000,0.0000,0.0000,0.0000,0.0000,0.0000,0.0000,0.0000,0.0000,0.0000,0.0000,0.0000,0.0000,0.0000
FeXANES_GT5_flaky2_FeXRD_7.001,1,0.0085,0.0001,1.0317,3,0.1917,0.0000,0.0000,0.0000,0.5617,0.0000,0.0000,0.0000,0.2466,0.0000,0.0000,0.0000,0.0000,0.0000,0.0000,0.0000,0.0000,0.0000,0.0000,0.0000,0.0000,0.0000,0.0000,0.0000,0.0000,0.0000
FeXANES_GT5_flaky2_FeXRD_8.001,1,0.0109,0.0001,1.0187,3,0.2598,0.0000,0.0000,0.0000,0.6348,0.0000,0.0000,0.0000,0.0000,0.0000,0.0000,0.0000,0.0000,0.0000,0.0000,0.0000,0.0000,0.0000,0.0000,0.0000,0.1054,0.0000,0.0000,0.0000,0.0000,0.0000
FeXANES_GT5_flaky2_Fe_1.001,1,0.0111,0.0001,1.0261,3,0.0000,0.1190,0.0000,0.6313,0.2497,0.0000,0.0000,0.0000,0.0000,0.0000,0.0000,0.0000,0.0000,0.0000,0.0000,0.0000,0.0000,0.0000,0.0000,0.0000,0.0000,0.0000,0.0000,0.0000,0.0000,0.0000
FeXANES_GT5_flaky2_Fe_10.001,2,0.0069,0.0000,1.0146,3,0.1401,0.0000,0.0000,0.0000,0.4000,0.0000,0.0000,0.0000,0.0000,0.0000,0.0000,0.0000,0.0000,0.0000,0.0000,0.0000,0.0000,0.0000,0.0000,0.0000,0.0000,0.4599,0.0000,0.0000,0.0000,0.0000
FeXANES_GT5_flaky2_Fe_11.001,4,0.0135,0.0003,1.0394,3,0.1446,0.4585,0.0000,0.3969,0.0000,0.0000,0.0000,0.0000,0.0000,0.0000,0.0000,0.0000,0.0000,0.0000,0.0000,0.0000,0.0000,0.0000,0.0000,0.0000,0.0000,0.0000,0.0000,0.0000,0.0000,0.0000
FeXANES_GT5_flaky2_Fe_12.001,4,0.0123,0.0002,1.0221,3,0.0000,0.2977,0.1530,0.5494,0.0000,0.0000,0.0000,0.0000,0.0000,0.0000,0.0000,0.0000,0.0000,0.0000,0.0000,0.0000,0.0000,0.0000,0.0000,0.0000,0.0000,0.0000,0.0000,0.0000,0.0000,0.0000
FeXANES_GT5_flaky2_Fe_13.001,4,0.0154,0.0003,1.0167,3,0.0591,0.0000,0.0000,0.6244,0.0000,0.3165,0.0000,0.0000,0.0000,0.0000,0.0000,0.0000,0.0000,0.0000,0.0000,0.0000,0.0000,0.0000,0.0000,0.0000,0.0000,0.0000,0.0000,0.0000,0.0000,0.0000
FeXANES_GT5_flaky2_Fe_14.001,4,0.0177,0.0004,1.0462,3,0.2373,0.6568,0.0000,0.0000,0.0000,0.0000,0.1058,0.0000,0.0000,0.0000,0.0000,0.0000,0.0000,0.0000,0.0000,0.0000,0.0000,0.0000,0.0000,0.0000,0.0000,0.0000,0.0000,0.0000,0.0000,0.0000
FeXANES_GT5_flaky2_Fe_15.001,4,0.0132,0.0002,1.0102,3,0.0580,0.0000,0.0000,0.6188,0.0000,0.3232,0.0000,0.0000,0.0000,0.0000,0.0000,0.0000,0.0000,0.0000,0.0000,0.0000,0.0000,0.0000,0.0000,0.0000,0.0000,0.0000,0.0000,0.0000,0.0000,0.0000
FeXANES_GT5_flaky2_Fe_16.001,4,0.0124,0.0002,1.0258,3,0.1212,0.4803,0.0000,0.3985,0.0000,0.0000,0.0000,0.0000,0.0000,0.0000,0.0000,0.0000,0.0000,0.0000,0.0000,0.0000,0.0000,0.0000,0.0000,0.0000,0.0000,0.0000,0.0000,0.0000,0.0000,0.0000
FeXANES_GT5_flaky2_Fe_167.001,4,0.0128,0.0002,1.0348,3,0.0000,0.2373,0.0000,0.7255,0.0000,0.0372,0.0000,0.0000,0.0000,0.0000,0.0000,0.0000,0.0000,0.0000,0.0000,0.0000,0.0000,0.0000,0.0000,0.0000,0.0000,0.0000,0.0000,0.0000,0.0000,0.0000
FeXANES_GT5_flaky2_Fe_18.001,4,0.0113,0.0001,1.0127,3,0.0000,0.1799,0.0000,0.6850,0.0000,0.1350,0.0000,0.0000,0.0000,0.0000,0.0000,0.0000,0.0000,0.0000,0.0000,0.0000,0.0000,0.0000,0.0000,0.0000,0.0000,0.0000,0.0000,0.0000,0.0000,0.0000
FeXANES_GT5_flaky2_Fe_19.001,5,0.0118,0.0001,1.0039,3,0.0000,0.1561,0.0000,0.4180,0.0000,0.0000,0.0000,0.0000,0.0000,0.0000,0.4260,0.0000,0.0000,0.0000,0.0000,0.0000,0.0000,0.0000,0.0000,0.0000,0.0000,0.0000,0.0000,0.0000,0.0000,0.0000
FeXANES_GT5_flaky2_Fe_2.001,5,0.0121,0.0001,1.0338,3,0.1214,0.0000,0.0000,0.3505,0.0000,0.0000,0.0000,0.0000,0.0000,0.0000,0.0000,0.0000,0.0000,0.0000,0.0000,0.0000,0.0000,0.5280,0.0000,0.0000,0.0000,0.0000,0.0000,0.0000,0.0000,0.0000
FeXANES_GT5_flaky2_Fe_20.001,3,0.0118,0.0001,1.0230,3,0.0000,0.0000,0.0000,0.0000,0.0000,0.0779,0.0000,0.4887,0.0000,0.0000,0.0000,0.0000,0.0000,0.0000,0.0000,0.0000,0.0000,0.0000,0.4334,0.0000,0.0000,0.0000,0.0000,0.0000,0.0000,0.0000
FeXANES_GT5_flaky2_Fe_21.001,5,0.0118,0.0002,1.0447,3,0.0000,0.4276,0.3542,0.0000,0.0000,0.0000,0.0000,0.0000,0.0000,0.0000,0.2182,0.0000,0.0000,0.0000,0.0000,0.0000,0.0000,0.0000,0.0000,0.0000,0.0000,0.0000,0.0000,0.0000,0.0000,0.0000
FeXANES_GT5_flaky2_Fe_23.001,2,0.0102,0.0001,1.0387,3,0.1677,0.0000,0.0000,0.0000,0.3227,0.0000,0.0000,0.0000,0.0000,0.0000,0.0000,0.0000,0.5096,0.0000,0.0000,0.0000,0.0000,0.0000,0.0000,0.0000,0.0000,0.0000,0.0000,0.0000,0.0000,0.0000
FeXANES_GT5_flaky2_Fe_24.001,2,0.0086,0.0001,1.0205,3,0.1384,0.0000,0.0000,0.0000,0.3018,0.0000,0.0000,0.0000,0.5598,0.0000,0.0000,0.0000,0.0000,0.0000,0.0000,0.0000,0.0000,0.0000,0.0000,0.0000,0.0000,0.0000,0.0000,0.0000,0.0000,0.0000
FeXANES_GT5_flaky2_Fe_25.001,2,0.0120,0.0001,1.0275,3,0.0000,0.0000,0.2782,0.0000,0.0577,0.0000,0.0000,0.0000,0.0000,0.0000,0.0000,0.0000,0.6641,0.0000,0.0000,0.0000,0.0000,0.0000,0.0000,0.0000,0.0000,0.0000,0.0000,0.0000,0.0000,0.0000
FeXANES_GT5_flaky2_Fe_26.001,2,0.0109,0.0001,1.0083,3,0.0000,0.0000,0.0000,0.0000,0.3029,0.0000,0.0000,0.0000,0.0000,0.0000,0.0000,0.0000,0.1829,0.0000,0.0000,0.0000,0.0000,0.0000,0.0000,0.5142,0.0000,0.0000,0.0000,0.0000,0.0000,0.0000
FeXANES_GT5_flaky2_Fe_27.001,2,0.0110,0.0001,1.0271,3,0.0000,0.0000,0.3041,0.0000,0.0000,0.0000,0.0000,0.0000,0.2940,0.0000,0.0000,0.0000,0.4018,0.0000,0.0000,0.0000,0.0000,0.0000,0.0000,0.0000,0.0000,0.0000,0.0000,0.0000,0.0000,0.0000
FeXANES_GT5_flaky2_Fe_28.001,2,0.0073,0.0000,1.0126,3,0.0615,0.0000,0.0000,0.0000,0.0000,0.0000,0.0000,0.0000,0.0000,0.0000,0.0000,0.0000,0.0000,0.0000,0.0000,0.0000,0.0000,0.7032,0.0000,0.0000,0.0000,0.0000,0.2352,0.0000,0.0000,0.0000
FeXANES_GT5_flaky2_Fe_29.001,4,0.0261,0.0007,1.0522,3,0.3286,0.2452,0.0000,0.0000,0.0000,0.4262,0.0000,0.0000,0.0000,0.0000,0.0000,0.0000,0.0000,0.0000,0.0000,0.0000,0.0000,0.0000,0.0000,0.0000,0.0000,0.0000,0.0000,0.0000,0.0000,0.0000
FeXANES_GT5_flaky2_Fe_3.001,2,0.0078,0.0001,0.9730,3,0.0000,0.0000,0.0000,0.0000,0.2390,0.0000,0.0000,0.0000,0.0000,0.0000,0.0000,0.0000,0.0000,0.0000,0.0000,0.0000,0.4038,0.0000,0.0000,0.0000,0.0000,0.3572,0.0000,0.0000,0.0000,0.0000
FeXANES_GT5_flaky2_Fe_30.001,1,0.0185,0.0003,1.0189,3,0.2881,0.0000,0.0000,0.0000,0.0000,0.0000,0.0000,0.0000,0.0000,0.0000,0.0000,0.0000,0.0000,0.0000,0.0000,0.0000,0.2898,0.0000,0.4222,0.0000,0.0000,0.0000,0.0000,0.0000,0.0000,0.0000
FeXANES_GT5_flaky2_Fe_31.001,1,0.0090,0.0001,1.0141,3,0.3749,0.0000,0.0000,0.0000,0.4468,0.0000,0.0000,0.0000,0.0000,0.0000,0.0000,0.0000,0.0000,0.0000,0.0000,0.0000,0.0000,0.0000,0.0000,0.0000,0.1783,0.0000,0.0000,0.0000,0.0000,0.0000
FeXANES_GT5_flaky2_Fe_32.001,1,0.0096,0.0001,1.0240,3,0.1126,0.2893,0.0000,0.0000,0.5981,0.0000,0.0000,0.0000,0.0000,0.0000,0.0000,0.0000,0.0000,0.0000,0.0000,0.0000,0.0000,0.0000,0.0000,0.0000,0.0000,0.0000,0.0000,0.0000,0.0000,0.0000
FeXANES_GT5_flaky2_Fe_4.001,2,0.0137,0.0002,1.0387,3,0.0000,0.0000,0.3047,0.0000,0.0000,0.0000,0.0000,0.0000,0.0000,0.0000,0.0000,0.0000,0.5735,0.0000,0.0000,0.1218,0.0000,0.0000,0.0000,0.0000,0.0000,0.0000,0.0000,0.0000,0.0000,0.0000
FeXANES_GT5_flaky2_Fe_5.001,1,0.0241,0.0007,1.0283,3,0.3313,0.0000,0.0000,0.0000,0.0000,0.0000,0.0000,0.0000,0.0000,0.0914,0.0000,0.0000,0.0000,0.5773,0.0000,0.0000,0.0000,0.0000,0.0000,0.0000,0.0000,0.0000,0.0000,0.0000,0.0000,0.0000
FeXANES_GT5_flaky2_Fe_6.001,1,0.0214,0.0006,1.0499,3,0.3835,0.0000,0.0000,0.0000,0.0000,0.0000,0.0000,0.0000,0.0000,0.0000,0.0000,0.0000,0.0000,0.4432,0.0000,0.0000,0.1732,0.0000,0.0000,0.0000,0.0000,0.0000,0.0000,0.0000,0.0000,0.0000
FeXANES_GT5_flaky2_Fe_7.001,5,0.0085,0.0001,1.0288,3,0.0000,0.2356,0.2909,0.0000,0.0000,0.0000,0.0000,0.0000,0.0000,0.0000,0.4734,0.0000,0.0000,0.0000,0.0000,0.0000,0.0000,0.0000,0.0000,0.0000,0.0000,0.0000,0.0000,0.0000,0.0000,0.0000
FeXANES_GT5_flaky2_Fe_8.001,5,0.0095,0.0001,1.0159,3,0.0000,0.1287,0.3495,0.0000,0.0000,0.0000,0.0000,0.0000,0.0000,0.0000,0.5218,0.0000,0.0000,0.0000,0.0000,0.0000,0.0000,0.0000,0.0000,0.0000,0.0000,0.0000,0.0000,0.0000,0.0000,0.0000
FeXANES_GT5_flaky2_Fe_9.001,2,0.0102,0.0001,1.0213,3,0.0000,0.0713,0.0000,0.0000,0.4290,0.0000,0.0000,0.0000,0.4997,0.0000,0.0000,0.0000,0.0000,0.0000,0.0000,0.0000,0.0000,0.0000,0.0000,0.0000,0.0000,0.0000,0.0000,0.0000,0.0000,0.0000
FeXANES_GT5_flaky_nodule_Fe.001,4,0.0438,0.0020,1.0142,3,0.1363,0.0000,0.0000,0.0000,0.0000,0.6805,0.0000,0.0000,0.0000,0.0000,0.0000,0.1832,0.0000,0.0000,0.0000,0.0000,0.0000,0.0000,0.0000,0.0000,0.0000,0.0000,0.0000,0.0000,0.0000,0.0000
FeXANES_GT5_flaky_nodule_Fe_10.001,5,0.0131,0.0002,1.0247,3,0.2684,0.2094,0.0000,0.0000,0.0000,0.0000,0.0000,0.0000,0.0000,0.0000,0.0000,0.0000,0.0000,0.0000,0.0000,0.0000,0.5222,0.0000,0.0000,0.0000,0.0000,0.0000,0.0000,0.0000,0.0000,0.0000
FeXANES_GT5_flaky_nodule_Fe_2.001,4,0.0332,0.0011,0.9986,3,0.1956,0.0000,0.0000,0.0000,0.0000,0.4699,0.0000,0.0000,0.0000,0.0000,0.0000,0.3345,0.0000,0.0000,0.0000,0.0000,0.0000,0.0000,0.0000,0.0000,0.0000,0.0000,0.0000,0.0000,0.0000,0.0000
FeXANES_GT5_flaky_nodule_Fe_3.001,4,0.0429,0.0017,1.0057,3,0.1768,0.0000,0.0000,0.0000,0.0000,0.5172,0.0000,0.0000,0.0000,0.0000,0.0000,0.3060,0.0000,0.0000,0.0000,0.0000,0.0000,0.0000,0.0000,0.0000,0.0000,0.0000,0.0000,0.0000,0.0000,0.0000
FeXANES_GT5_flaky_nodule_Fe_4.001,4,0.0399,0.0016,1.0041,3,0.1817,0.0000,0.0000,0.0000,0.0000,0.5885,0.0000,0.0000,0.0000,0.0000,0.0000,0.2298,0.0000,0.0000,0.0000,0.0000,0.0000,0.0000,0.0000,0.0000,0.0000,0.0000,0.0000,0.0000,0.0000,0.0000
FeXANES_GT5_flaky_nodule_Fe_5.001,4,0.0391,0.0013,0.9946,3,0.1716,0.0000,0.0000,0.0000,0.0000,0.4455,0.0000,0.0000,0.0000,0.0000,0.0000,0.3828,0.0000,0.0000,0.0000,0.0000,0.0000,0.0000,0.0000,0.0000,0.0000,0.0000,0.0000,0.0000,0.0000,0.0000
FeXANES_GT5_flaky_nodule_Fe_6.001,4,0.0346,0.0011,1.0078,3,0.2092,0.0000,0.0000,0.0000,0.0000,0.4599,0.0000,0.0000,0.0000,0.0000,0.0000,0.3309,0.0000,0.0000,0.0000,0.0000,0.0000,0.0000,0.0000,0.0000,0.0000,0.0000,0.0000,0.0000,0.0000,0.0000
FeXANES_GT5_flaky_nodule_Fe_7.001,5,0.0134,0.0002,1.0006,3,0.0000,0.0000,0.0000,0.1610,0.0000,0.0000,0.0000,0.0692,0.0000,0.0000,0.7697,0.0000,0.0000,0.0000,0.0000,0.0000,0.0000,0.0000,0.0000,0.0000,0.0000,0.0000,0.0000,0.0000,0.0000,0.0000
FeXANES_GT5_flaky_nodule_Fe_8.001,2,0.0132,0.0002,1.0003,3,0.1260,0.0000,0.0000,0.0000,0.0000,0.0000,0.0000,0.0000,0.0000,0.0000,0.0000,0.3441,0.0000,0.0000,0.0000,0.0000,0.0000,0.0000,0.0000,0.0000,0.0000,0.0000,0.5299,0.0000,0.0000,0.0000
FeXANES_GT5_flaky_nodule_Fe_9.001,1,0.0098,0.0001,1.0326,3,0.0000,0.2430,0.5376,0.0000,0.0000,0.0000,0.0000,0.2194,0.0000,0.0000,0.0000,0.0000,0.0000,0.0000,0.0000,0.0000,0.0000,0.0000,0.0000,0.0000,0.0000,0.0000,0.0000,0.0000,0.0000,0.0000
FeXANES_GT5_flakysmooth2_Fe_1.001,4,0.0148,0.0003,1.0167,3,0.0000,0.0724,0.0000,0.7224,0.0000,0.2051,0.0000,0.0000,0.0000,0.0000,0.0000,0.0000,0.0000,0.0000,0.0000,0.0000,0.0000,0.0000,0.0000,0.0000,0.0000,0.0000,0.0000,0.0000,0.0000,0.0000
FeXANES_GT5_flakysmooth2_Fe_10.001,3,0.0192,0.0004,1.0233,3,0.4342,0.0000,0.0000,0.0000,0.0000,0.0000,0.2375,0.0000,0.0000,0.3283,0.0000,0.0000,0.0000,0.0000,0.0000,0.0000,0.0000,0.0000,0.0000,0.0000,0.0000,0.0000,0.0000,0.0000,0.0000,0.0000
FeXANES_GT5_flakysmooth2_Fe_11.001,3,0.0202,0.0005,1.0115,3,0.4227,0.0000,0.0000,0.0000,0.0000,0.0000,0.1907,0.0000,0.0000,0.3866,0.0000,0.0000,0.0000,0.0000,0.0000,0.0000,0.0000,0.0000,0.0000,0.0000,0.0000,0.0000,0.0000,0.0000,0.0000,0.0000
FeXANES_GT5_flakysmooth2_Fe_12.001,4,0.0167,0.0003,1.0160,3,0.2231,0.0000,0.0000,0.2481,0.0000,0.5289,0.0000,0.0000,0.0000,0.0000,0.0000,0.0000,0.0000,0.0000,0.0000,0.0000,0.0000,0.0000,0.0000,0.0000,0.0000,0.0000,0.0000,0.0000,0.0000,0.0000
FeXANES_GT5_flakysmooth2_Fe_13.001,1,0.0092,0.0001,1.0236,3,0.0000,0.5033,0.4313,0.0000,0.0000,0.0000,0.0654,0.0000,0.0000,0.0000,0.0000,0.0000,0.0000,0.0000,0.0000,0.0000,0.0000,0.0000,0.0000,0.0000,0.0000,0.0000,0.0000,0.0000,0.0000,0.0000
FeXANES_GT5_flakysmooth2_Fe_14.001,4,0.0215,0.0005,1.0257,3,0.0000,0.5514,0.1667,0.0000,0.0000,0.0000,0.0000,0.2818,0.0000,0.0000,0.0000,0.0000,0.0000,0.0000,0.0000,0.0000,0.0000,0.0000,0.0000,0.0000,0.0000,0.0000,0.0000,0.0000,0.0000,0.0000
FeXANES_GT5_flakysmooth2_Fe_15.001,1,0.0216,0.0005,1.0350,3,0.0000,0.5465,0.1702,0.0000,0.0000,0.0000,0.0000,0.2833,0.0000,0.0000,0.0000,0.0000,0.0000,0.0000,0.0000,0.0000,0.0000,0.0000,0.0000,0.0000,0.0000,0.0000,0.0000,0.0000,0.0000,0.0000
FeXANES_GT5_flakysmooth2_Fe_16.001,4,0.0135,0.0003,1.0092,3,0.0131,0.3309,0.0000,0.6560,0.0000,0.0000,0.0000,0.0000,0.0000,0.0000,0.0000,0.0000,0.0000,0.0000,0.0000,0.0000,0.0000,0.0000,0.0000,0.0000,0.0000,0.0000,0.0000,0.0000,0.0000,0.0000
FeXANES_GT5_flakysmooth2_Fe_17.001,4,0.0131,0.0002,1.0083,3,0.0000,0.1978,0.0000,0.6793,0.0000,0.0000,0.0000,0.0000,0.0000,0.0000,0.1229,0.0000,0.0000,0.0000,0.0000,0.0000,0.0000,0.0000,0.0000,0.0000,0.0000,0.0000,0.0000,0.0000,0.0000,0.0000
FeXANES_GT5_flakysmooth2_Fe_18.001,4,0.0188,0.0003,1.0201,3,0.0000,0.5501,0.0000,0.0000,0.2684,0.0000,0.0000,0.1816,0.0000,0.0000,0.0000,0.0000,0.0000,0.0000,0.0000,0.0000,0.0000,0.0000,0.0000,0.0000,0.0000,0.0000,0.0000,0.0000,0.0000,0.0000
FeXANES_GT5_flakysmooth2_Fe_19.001,5,0.0179,0.0003,1.0145,3,0.0000,0.5255,0.0000,0.0000,0.0000,0.0000,0.0000,0.2702,0.0000,0.0000,0.0000,0.0000,0.0000,0.0000,0.2043,0.0000,0.0000,0.0000,0.0000,0.0000,0.0000,0.0000,0.0000,0.0000,0.0000,0.0000
FeXANES_GT5_flakysmooth2_Fe_2.001,4,0.0146,0.0003,1.0088,3,0.0000,0.0321,0.0000,0.7388,0.0000,0.2291,0.0000,0.0000,0.0000,0.0000,0.0000,0.0000,0.0000,0.0000,0.0000,0.0000,0.0000,0.0000,0.0000,0.0000,0.0000,0.0000,0.0000,0.0000,0.0000,0.0000
FeXANES_GT5_flakysmooth2_Fe_20.001,3,0.0142,0.0002,1.0289,3,0.4884,0.3942,0.0000,0.0000,0.0000,0.0000,0.1174,0.0000,0.0000,0.0000,0.0000,0.0000,0.0000,0.0000,0.0000,0.0000,0.0000,0.0000,0.0000,0.0000,0.0000,0.0000,0.0000,0.0000,0.0000,0.0000
FeXANES_GT5_flakysmooth2_Fe_21.001,3,0.0148,0.0003,1.0209,3,0.4678,0.0000,0.0000,0.0000,0.2072,0.0000,0.0000,0.0000,0.0000,0.0000,0.0000,0.0000,0.0000,0.0000,0.0000,0.0000,0.0000,0.0000,0.0000,0.0000,0.3250,0.0000,0.0000,0.0000,0.0000,0.0000
FeXANES_GT5_flakysmooth2_Fe_22.001,1,0.0393,0.0016,1.0551,3,0.0000,0.0000,0.8879,0.0000,0.0000,0.0117,0.0000,0.0000,0.0000,0.0000,0.0000,0.0000,0.0000,0.0000,0.1005,0.0000,0.0000,0.0000,0.0000,0.0000,0.0000,0.0000,0.0000,0.0000,0.0000,0.0000
FeXANES_GT5_flakysmooth2_Fe_3.001,5,0.0208,0.0005,1.0082,3,0.0000,0.0000,0.0000,0.4918,0.0000,0.0000,0.0676,0.0000,0.0000,0.0000,0.0000,0.4406,0.0000,0.0000,0.0000,0.0000,0.0000,0.0000,0.0000,0.0000,0.0000,0.0000,0.0000,0.0000,0.0000,0.0000
FeXANES_GT5_flakysmooth2_Fe_4.001,5,0.0172,0.0003,1.0055,3,0.0000,0.0000,0.0000,0.2645,0.0000,0.0000,0.0000,0.2365,0.0000,0.0000,0.0000,0.4990,0.0000,0.0000,0.0000,0.0000,0.0000,0.0000,0.0000,0.0000,0.0000,0.0000,0.0000,0.0000,0.0000,0.0000
FeXANES_GT5_flakysmooth2_Fe_5.001,3,0.0249,0.0006,1.0047,3,0.4753,0.0000,0.0000,0.0000,0.0000,0.0000,0.1860,0.0000,0.0000,0.3387,0.0000,0.0000,0.0000,0.0000,0.0000,0.0000,0.0000,0.0000,0.0000,0.0000,0.0000,0.0000,0.0000,0.0000,0.0000,0.0000
FeXANES_GT5_flakysmooth2_Fe_6.001,3,0.0260,0.0007,1.0148,3,0.4653,0.0000,0.0000,0.0000,0.0000,0.0000,0.2009,0.0000,0.0000,0.3338,0.0000,0.0000,0.0000,0.0000,0.0000,0.0000,0.0000,0.0000,0.0000,0.0000,0.0000,0.0000,0.0000,0.0000,0.0000,0.0000
FeXANES_GT5_flakysmooth2_Fe_7.001,3,0.0243,0.0006,1.0172,3,0.4967,0.0000,0.0000,0.0000,0.0000,0.0000,0.1743,0.0000,0.0000,0.3290,0.0000,0.0000,0.0000,0.0000,0.0000,0.0000,0.0000,0.0000,0.0000,0.0000,0.0000,0.0000,0.0000,0.0000,0.0000,0.0000
FeXANES_GT5_flakysmooth2_Fe_8.001,3,0.0299,0.0009,1.0150,3,0.4351,0.0000,0.0000,0.0000,0.0000,0.0000,0.1195,0.0000,0.0000,0.4454,0.0000,0.0000,0.0000,0.0000,0.0000,0.0000,0.0000,0.0000,0.0000,0.0000,0.0000,0.0000,0.0000,0.0000,0.0000,0.0000
FeXANES_GT5_flakysmooth2_Fe_9.001,3,0.0312,0.0010,1.0217,3,0.4554,0.0000,0.0000,0.0000,0.0000,0.0000,0.1313,0.0000,0.0000,0.4133,0.0000,0.0000,0.0000,0.0000,0.0000,0.0000,0.0000,0.0000,0.0000,0.0000,0.0000,0.0000,0.0000,0.0000,0.0000,0.0000
FeXANES_GT5_white_gray_particles_Fe_1.001,5,0.0125,0.0002,0.9932,3,0.0000,0.0000,0.0000,0.6578,0.0000,0.0000,0.0601,0.0000,0.0000,0.0000,0.0000,0.2822,0.0000,0.0000,0.0000,0.0000,0.0000,0.0000,0.0000,0.0000,0.0000,0.0000,0.0000,0.0000,0.0000,0.0000
FeXANES_GT5_white_gray_particles_Fe_2.001,2,0.0128,0.0002,1.0485,3,0.0000,0.0000,0.0000,0.0000,0.0000,0.0000,0.0000,0.2144,0.0000,0.0000,0.0000,0.2489,0.0000,0.0000,0.0000,0.0000,0.0000,0.5367,0.0000,0.0000,0.0000,0.0000,0.0000,0.0000,0.0000,0.0000
FeXANES_GT5_white_gray_particles_Fe_3.001,5,0.0145,0.0002,1.0076,3,0.0000,0.0000,0.0000,0.0000,0.0000,0.0000,0.0000,0.1952,0.0000,0.0000,0.5232,0.2816,0.0000,0.0000,0.0000,0.0000,0.0000,0.0000,0.0000,0.0000,0.0000,0.0000,0.0000,0.0000,0.0000,0.0000
FeXANES_GT5_white_gray_particles_Fe_4.001,3,0.0186,0.0004,1.0205,3,0.4519,0.0000,0.0000,0.0000,0.0000,0.0000,0.2065,0.0000,0.0000,0.3415,0.0000,0.0000,0.0000,0.0000,0.0000,0.0000,0.0000,0.0000,0.0000,0.0000,0.0000,0.0000,0.0000,0.0000,0.0000,0.0000
FeXANES_GT5_white_gray_particles_Fe_5.001,3,0.0202,0.0005,1.0162,3,0.3419,0.0000,0.0000,0.0000,0.0000,0.0000,0.1846,0.0000,0.0000,0.4735,0.0000,0.0000,0.0000,0.0000,0.0000,0.0000,0.0000,0.0000,0.0000,0.0000,0.0000,0.0000,0.0000,0.0000,0.0000,0.0000
