spectrum,cluster,map_file,Fe,Ca,K,Ti,Mn,S,Si,P
FeXANES_GT15_flakydark_Fe_1.001,3,1x1_10um_flaky_dark_gt15_001.h5,45471.85546875,392.9727478027344,385.8770751953125,1012.779052734375,17876.677734375,12.154330253601074,13.16724967956543,5.064125061035156
FeXANES_GT15_flakydark_Fe_2.001,3,1x1_10um_flaky_dark_gt15_001.h5,44664.94921875,611.0142211914062,438.75244140625,3320.4755859375,18648.970703125,24.315643310546875,22.28933334350586,10.132761001586914
FeXANES_GT15_flakydark_Fe_3.001,3,1x1_10um_flaky_dark_gt15_001.h5,43071.0,1244.973876953125,530.8272094726562,4611.1220703125,16279.8056640625,19.245635986328125,18.233875274658203,16.204866409301758
FeXANES_GT15_flakydark_Fe_4.001,1,1x1_10um_flaky_dark_gt15_001.h5,38368.50390625,1152.187744140625,1013.4517822265625,2072.916259765625,13714.3466796875,21.28424644470215,19.230926513671875,13.178525924682617
FeXANES_GT15_flakydark_Fe_5.001,3,1x1_10um_flaky_dark_gt15_001.h5,37787.85546875,1192.8524169921875,1207.0213623046875,2019.4423828125,15391.7470703125,15.176678657531738,26.304933547973633,11.128974914550781
FeXANES_GT15_flakydark_Fe_6.001,3,1x1_10um_flaky_dark_gt15_001.h5,45998.26953125,1329.7183837890625,428.69873046875,2263.141357421875,19001.71484375,16.214906692504883,19.25595474243164,17.229690551757812
FeXANES_GT15_flaky_gray_mix_Fe_1.001,1,1x1_10um_flaky_gray_mix_gt15_001.h5,21791.658203125,22918.6171875,1099.69775390625,4184.0859375,15574.6396484375,52.65214538574219,51.63990783691406,87.08692169189453
FeXANES_GT15_flaky_gray_mix_Fe_2.001,1,1x1_10um_flaky_gray_mix_gt15_001.h5,22009.345703125,22797.267578125,1606.9912109375,7221.39599609375,15059.6005859375,42.55616760253906,52.68646240234375,89.16065216064453
FeXANES_GT15_flaky_gray_mix_Fe_3.001,5,1x1_10um_flaky_gray_mix_gt15_001.h5,16629.783203125,3248.790771484375,4017.433349609375,4498.9482421875,6264.88232421875,25.183374404907227,37.272804260253906,24.17672348022461
FeXANES_GT15_flaky_gray_mix_Fe_4.001,2,1x1_10um_flaky_gray_mix_gt15_001.h5,11143.5908203125,3712.8837890625,2394.11474609375,5672.40576171875,3262.202880859375,19.113130569458008,32.189720153808594,24.14349365234375
FeXANES_GT15_flaky_gray_mix_Fe_5.001,1,1x1_10um_flaky_gray_mix_gt15_001.h5,13838.32421875,9737.921875,3289.306640625,5351.1591796875,4462.30126953125,40.30903625488281,36.27879333496094,40.31050491333008
FeXANES_GT15_flaky_gray_mix_Fe_6.001,1,1x1_10um_flaky_gray_mix_gt15_001.h5,13527.6591796875,31105.810546875,1741.93017578125,8123.8994140625,4422.568359375,72.83116149902344,57.65964889526367,120.37747955322266
FeXANES_GT15_flaky_gray_mix_Fe_7.001,2,1x1_10um_flaky_gray_mix_gt15_001.h5,18879.150390625,9852.7001953125,4222.61376953125,19984.458984375,1786.6927490234375,30.33464813232422,51.56908416748047,42.466407775878906
FeXANES_GT15_flaky_gray_mix_Fe_8.001,2,1x1_10um_flaky_gray_mix_gt15_001.h5,20301.94140625,8811.94140625,4445.4990234375,30944.265625,1650.7301025390625,31.412866592407227,56.74607849121094,48.63474655151367
FeXANES_GT5_concentric_gray1_Fe_1.001,1,2x2_10um_concentric_gray_1_001.h5,42875.61328125,278.91802978515625,71.74220275878906,822.5694580078125,660.8722534179688,10.103758811950684,12.126938819885254,5.0530595779418945
FeXANES_GT5_concentric_gray1_Fe_2.001,1,2x2_10um_concentric_gray_1_001.h5,41902.92578125,277.94189453125,71.75753784179688,2005.1962890625,605.4119873046875,10.106222152709961,13.136811256408691,10.106112480163574
FeXANES_GT5_concentric_gray1_Fe_3.001,4,2x2_10um_concentric_gray_1_001.h5,39171.64453125,1357.9559326171875,69.71556854248047,1887.30712890625,578.93408203125,14.14503288269043,11.11549186706543,12.126792907714844
FeXANES_GT5_concentric_gray1_Fe_4.001,1,2x2_10um_concentric_gray_1_001.h5,48084.8515625,1275.3404541015625,103.24041748046875,2928.193359375,611.36181640625,15.184392929077148,10.121004104614258,11.134081840515137
FeXANES_GT5_concentric_gray1_Fe_5.001,1,2x2_10um_concentric_gray_1_001.h5,32604.125,818.23486328125,207.83966064453125,1416.52978515625,530.6981201171875,21.185585021972656,15.134098052978516,8.070832252502441
FeXANES_GT5_concentric_gray1_Fe_6.001,1,2x2_10um_concentric_gray_1_001.h5,29842.349609375,721.9967041015625,185.54061889648438,1318.9482421875,429.56353759765625,7.059154033660889,12.09970474243164,8.066311836242676
FeXANES_GT5_concentric_gray1_Fe_7.001,1,2x2_10um_concentric_gray_1_001.h5,23064.203125,568.8755493164062,182.24468994140625,608.1561889648438,273.8758239746094,7.04742956161499,5.0332136154174805,8.05453872680664
FeXANES_GT5_concentric_gray1_Fe_8.001,2,2x2_10um_concentric_gray_1_001.h5,30370.8125,330.01641845703125,112.02125549316406,7250.3095703125,518.7473754882812,13.119668960571289,7.063950061798096,7.064401626586914
FeXANES_GT5_concentric_gray3_Fe_1.001,5,2x2_10um_concentric_gray_3_001.h5,12902.8203125,1933.911376953125,3746.141357421875,1751.8841552734375,4138.3486328125,12.068121910095215,24.136207580566406,16.09107780456543
FeXANES_GT5_concentric_gray3_Fe_10.001,5,2x2_10um_concentric_gray_3_001.h5,51629.50390625,852.2674560546875,1025.345703125,1962.654052734375,4081.19677734375,30.365467071533203,20.244457244873047,9.109064102172852
FeXANES_GT5_concentric_gray3_Fe_11.001,5,2x2_10um_concentric_gray_3_001.h5,55484.76953125,1878.14794921875,923.7600708007812,46703.32421875,1997.5374755859375,57.15767288208008,31.641185760498047,25.515533447265625
FeXANES_GT5_concentric_gray3_Fe_2.001,5,2x2_10um_concentric_gray_3_001.h5,44539.14453125,1113.9561767578125,1339.4024658203125,26291.35546875,4034.425048828125,37.57084274291992,34.52642822265625,17.264610290527344
FeXANES_GT5_concentric_gray3_Fe_3.001,2,2x2_10um_concentric_gray_3_001.h5,12951.6025390625,1892.0321044921875,2948.200439453125,4118.02587890625,3371.67529296875,18.105207443237305,21.12298011779785,8.047151565551758
FeXANES_GT5_concentric_gray3_Fe_4.001,2,2x2_10um_concentric_gray_3_001.h5,30242.833984375,1307.80859375,1369.48095703125,20281.27734375,2300.00830078125,19.21769142150879,30.343685150146484,13.149587631225586
FeXANES_GT5_concentric_gray3_Fe_5.001,4,2x2_10um_concentric_gray_3_001.h5,117186.9296875,1770.472412109375,529.104736328125,131824.75,17264.6953125,86.23513793945312,75.74659729003906,55.754032135009766
FeXANES_GT5_concentric_gray3_Fe_6.001,4,2x2_10um_concentric_gray_3_001.h5,105345.828125,2358.040283203125,547.9838256835938,103470.625,15471.3115234375,65.75851440429688,66.78600311279297,64.72645568847656
FeXANES_GT5_concentric_gray3_Fe_7.001,4,2x2_10um_concentric_gray_3_001.h5,110000.2265625,2799.922119140625,587.9456176757812,127934.5390625,16060.5732421875,85.01663208007812,74.48836517333984,56.72710418701172
FeXANES_GT5_concentric_gray3_Fe_8.001,1,2x2_10um_concentric_gray_3_001.h5,17830.892578125,4039.819580078125,4830.86474609375,3044.228515625,6557.9609375,25.19158172607422,21.160690307617188,30.230445861816406
FeXANES_GT5_concentric_gray3_Fe_9.001,1,2x2_10um_concentric_gray_3_001.h5,18703.001953125,4525.55810546875,5489.33837890625,3415.597412109375,6824.11767578125,15.122326850891113,33.26841735839844,28.229656219482422
FeXANES_GT5_Fe_Flaky1_1.001,1,2x2_10um_flaky_1_001.h5,46985.1015625,83.9111328125,44.48741912841797,216.3653106689453,708.6937866210938,7.077022552490234,7.078232765197754,6.068062782287598
FeXANES_GT5_Fe_Flaky1_10.001,1,2x2_10um_flaky_1_001.h5,46924.359375,1099.395263671875,90.09407806396484,3521.83154296875,716.7162475585938,16.198562622070312,10.122479438781738,13.159494400024414
FeXANES_GT5_Fe_Flaky1_2.001,1,2x2_10um_flaky_1_001.h5,39008.6484375,112.072998046875,57.540435791015625,342.2740783691406,603.767578125,10.09672737121582,11.105873107910156,6.057870864868164
FeXANES_GT5_Fe_Flaky1_3.001,4,2x2_10um_flaky_1_001.h5,56514.671875,599.01123046875,94.26097869873047,2851.165283203125,748.007080078125,16.216646194458008,9.122566223144531,14.190224647521973
FeXANES_GT5_Fe_Flaky1_4.001,1,2x2_10um_flaky_1_001.h5,52744.37890625,451.59906005859375,59.73796081542969,1709.2076416015625,800.936767578125,14.176456451416016,9.112654685974121,6.074078559875488
FeXANES_GT5_Fe_Flaky1_5.001,1,2x2_10um_flaky_1_001.h5,46013.0078125,158.7071990966797,53.57853317260742,328.5318603515625,821.8409423828125,9.098613739013672,2.021707534790039,9.09885025024414
FeXANES_GT5_Fe_Flaky1_6.001,1,2x2_10um_flaky_1_001.h5,40624.28515625,265.66021728515625,51.52006149291992,397.9850769042969,726.2825317382812,6.060521602630615,5.05146598815918,6.06014347076416
FeXANES_GT5_Fe_Flaky1_7.001,1,2x2_10um_flaky_1_001.h5,40302.40625,1116.5731201171875,66.69189453125,1540.9595947265625,553.7537231445312,8.084750175476074,12.120965957641602,9.091075897216797
FeXANES_GT5_Fe_Flaky1_8.001,1,2x2_10um_flaky_1_001.h5,21319.361328125,165.06793212890625,77.4994888305664,319.0535888671875,364.3308410644531,3.0207982063293457,4.02636194229126,2.012504816055298
FeXANES_GT5_Fe_Flaky1_9.001,1,2x2_10um_flaky_1_001.h5,21519.36328125,225.4688720703125,57.373348236083984,320.0950622558594,338.2081604003906,10.06483268737793,2.0126824378967285,4.026332855224609
FeXANES_GT5_flaky2_FeXRD_1.001,2,2x2_10um_flaky_2_001.h5,13850.810546875,183.9274444580078,130.6630859375,448.2625427246094,231.17433166503906,4.019537925720215,9.04578971862793,6.030441761016846
FeXANES_GT5_flaky2_FeXRD_10.001,1,2x2_10um_flaky_2_001.h5,12758.2451171875,155.7738800048828,124.60968017578125,377.8774719238281,629.14306640625,4.019200325012207,3.0138258934020996,4.021725654602051
FeXANES_GT5_flaky2_FeXRD_11.001,2,2x2_10um_flaky_2_001.h5,11638.5029296875,301.470703125,135.65489196777344,471.29266357421875,458.2234802246094,9.045767784118652,5.02488899230957,4.020218372344971
FeXANES_GT5_flaky2_FeXRD_12.001,2,2x2_10um_flaky_2_001.h5,30019.185546875,86.6854248046875,379.979248046875,350.7699890136719,114.91203308105469,7.05559778213501,12.095073699951172,5.039132118225098
FeXANES_GT5_flaky2_FeXRD_13.001,2,2x2_10um_flaky_2_001.h5,31766.884765625,84.69776916503906,398.2877197265625,334.76214599609375,159.32118225097656,5.04140043258667,11.091445922851562,3.025003671646118
FeXANES_GT5_flaky2_FeXRD_14.001,2,2x2_10um_flaky_2_001.h5,28767.982421875,82.63613891601562,342.63677978515625,367.8209228515625,136.0496063232422,8.060516357421875,6.046167850494385,3.023624897003174
FeXANES_GT5_flaky2_FeXRD_15.001,2,2x2_10um_flaky_2_001.h5,21351.9375,563.6614379882812,192.24949645996094,609.960205078125,213.39773559570312,11.072659492492676,11.071890830993652,9.059415817260742
FeXANES_GT5_flaky2_FeXRD_16.001,2,2x2_10um_flaky_2_001.h5,20485.0078125,515.279296875,185.1727752685547,542.4330444335938,241.54534912109375,8.05260944366455,6.038356781005859,5.0310468673706055
FeXANES_GT5_flaky2_FeXRD_17.001,1,2x2_10um_flaky_2_001.h5,22832.2109375,926.4484252929688,168.17335510253906,1137.9425048828125,377.632080078125,11.077255249023438,14.098017692565918,9.063594818115234
FeXANES_GT5_flaky2_FeXRD_18.001,1,2x2_10um_flaky_2_001.h5,22045.6015625,908.1561889648438,170.15673828125,1075.3115234375,366.4936218261719,6.04148006439209,9.061371803283691,5.033799171447754
FeXANES_GT5_flaky2_FeXRD_2.001,1,2x2_10um_flaky_2_001.h5,19229.111328125,2741.817626953125,103.67823791503906,611.9810180664062,506.2873229980469,5.032942771911621,8.051694869995117,12.079899787902832
FeXANES_GT5_flaky2_FeXRD_3.001,2,2x2_10um_flaky_2_001.h5,17075.962890625,657.8222045898438,211.22210693359375,664.8564453125,351.03778076171875,8.04764175415039,9.05357837677002,4.023314476013184
FeXANES_GT5_flaky2_FeXRD_4.001,1,2x2_10um_flaky_2_001.h5,31084.998046875,383.2292785644531,152.2808837890625,1763.883544921875,450.8016052246094,7.059410572052002,4.033614158630371,10.08507251739502
FeXANES_GT5_flaky2_FeXRD_5.001,2,2x2_10um_flaky_2_001.h5,39765.1484375,182.9573516845703,178.91323852539062,4918.595703125,1771.945556640625,6.065235614776611,12.129995346069336,8.086322784423828
FeXANES_GT5_flaky2_FeXRD_6.001,1,2x2_10um_flaky_2_001.h5,18267.966796875,1374.267333984375,150.92018127441406,304.8352966308594,282.70611572265625,5.030284881591797,12.073305130004883,6.036849021911621
FeXANES_GT5_flaky2_FeXRD_7.001,1,2x2_10um_flaky_2_001.h5,19199.376953125,851.20166015625,166.0162811279297,285.7482604980469,235.436767578125,10.061161994934082,9.055133819580078,5.030637264251709
FeXANES_GT5_flaky2_FeXRD_8.001,1,2x2_10um_flaky_2_001.h5,16346.28515625,1289.3773193359375,139.80430603027344,298.7017517089844,266.5220642089844,4.021635055541992,8.046245574951172,9.052347183227539
FeXANES_GT5_flaky2_Fe_1.001,1,2x2_10um_flaky_2_001.h5,65589.96875,484.30859375,128.94375610351562,3777.98388671875,929.0259399414062,19.29179573059082,21.324115753173828,11.171211242675781
FeXANES_GT5_flaky2_Fe_10.001,2,2x2_10um_flaky_2_001.h5,24235.662109375,126.8808364868164,112.78292846679688,783.4266967773438,373.5902099609375,5.0360107421875,5.034437656402588,3.020385265350342
FeXANES_GT5_flaky2_Fe_11.001,4,2x2_10um_flaky_2_001.h5,81034.3984375,489.9173889160156,350.36212158203125,3832.44873046875,927.0864868164062,25.460933685302734,21.398212432861328,13.229025840759277
FeXANES_GT5_flaky2_Fe_12.001,4,2x2_10um_flaky_2_001.h5,55924.77734375,393.2372131347656,289.82806396484375,2222.787353515625,570.6296997070312,18.251188278198242,17.233745574951172,8.101744651794434
FeXANES_GT5_flaky2_Fe_13.001,4,2x2_10um_flaky_2_001.h5,85467.5078125,794.4439697265625,171.32814025878906,6532.76220703125,1135.0419921875,12.236358642578125,22.43533706665039,10.196678161621094
FeXANES_GT5_flaky2_Fe_14.001,4,2x2_10um_flaky_2_001.h5,103312.9921875,656.669921875,216.16680908203125,13067.3134765625,1478.25732421875,21.510799407958984,26.619916915893555,18.432741165161133
FeXANES_GT5_flaky2_Fe_15.001,4,2x2_10um_flaky_2_001.h5,105264.1328125,414.8183898925781,102.41873931884766,10454.548828125,1279.1759033203125,37.893165588378906,25.609352111816406,13.314285278320312
FeXANES_GT5_flaky2_Fe_16.001,4,2x2_10um_flaky_2_001.h5,88718.2265625,562.4708251953125,81.67118835449219,8667.6044921875,1190.261474609375,19.393184661865234,22.460317611694336,14.291681289672852
FeXANES_GT5_flaky2_Fe_167.001,4,2x2_10um_flaky_2_001.h5,77876.2890625,499.95318603515625,146.63192749023438,7265.75146484375,981.5127563476562,20.363571166992188,21.38231658935547,6.10891580581665
FeXANES_GT5_flaky2_Fe_18.001,4,2x2_10um_flaky_2_001.h5,63682.984375,143.19821166992188,78.20104217529297,4706.08251953125,1202.43408203125,22.34044075012207,16.248083114624023,5.077671051025391
FeXANES_GT5_flaky2_Fe_19.001,5,2x2_10um_flaky_2_001.h5,42391.0,166.79933166503906,211.28192138671875,3806.030029296875,604.5135498046875,9.098505020141602,14.151251792907715,7.0765252113342285
FeXANES_GT5_flaky2_Fe_2.001,5,2x2_10um_flaky_2_001.h5,42067.2109375,1447.9967041015625,98.0179214477539,390.0487976074219,480.9891052246094,11.115394592285156,11.112750053405762,12.125672340393066
FeXANES_GT5_flaky2_Fe_20.001,3,2x2_10um_flaky_2_001.h5,28691.734375,318.4938659667969,209.6447296142578,1162.1014404296875,542.2498779296875,9.071221351623535,9.071677207946777,3.024155855178833
FeXANES_GT5_flaky2_Fe_21.001,5,2x2_10um_flaky_2_001.h5,47374.0390625,293.4473876953125,124.46131134033203,4258.9970703125,707.292236328125,8.095026016235352,10.118528366088867,9.106953620910645
FeXANES_GT5_flaky2_Fe_23.001,2,2x2_10um_flaky_2_001.h5,28364.623046875,139.039794921875,117.88093566894531,249.8676300048828,246.8494873046875,6.044488430023193,8.06002426147461,6.045825481414795
FeXANES_GT5_flaky2_Fe_24.001,2,2x2_10um_flaky_2_001.h5,26702.259765625,109.79195404052734,110.79471588134766,331.3989562988281,417.0246887207031,9.06657600402832,8.058111190795898,6.044454574584961
FeXANES_GT5_flaky2_Fe_25.001,2,2x2_10um_flaky_2_001.h5,21734.267578125,119.77127838134766,137.88726806640625,466.0077819824219,262.6977844238281,4.026846408843994,10.065705299377441,4.025350570678711
FeXANES_GT5_flaky2_Fe_26.001,2,2x2_10um_flaky_2_001.h5,19527.640625,123.7449951171875,142.85670471191406,293.77142333984375,152.9276123046875,2.011579990386963,4.024287223815918,6.0373735427856445
FeXANES_GT5_flaky2_Fe_27.001,2,2x2_10um_flaky_2_001.h5,17305.87890625,137.7657928466797,125.70606994628906,281.5765075683594,121.68836212158203,6.034206390380859,3.0171713829040527,3.0176684856414795
FeXANES_GT5_flaky2_Fe_28.001,2,2x2_10um_flaky_2_001.h5,31171.876953125,213.73260498046875,166.34759521484375,371.0050354003906,311.53070068359375,12.098097801208496,7.0570387840271,9.074254989624023
FeXANES_GT5_flaky2_Fe_29.001,4,2x2_10um_flaky_2_001.h5,60142.296875,210.0067901611328,196.8173370361328,4859.4287109375,877.5346069335938,13.186646461486816,18.259231567382812,4.056942939758301
FeXANES_GT5_flaky2_Fe_3.001,2,2x2_10um_flaky_2_001.h5,27627.763671875,519.0128173828125,120.93705749511719,1552.021728515625,160.24398803710938,9.069914817810059,9.069696426391602,9.07009506225586
FeXANES_GT5_flaky2_Fe_30.001,1,2x2_10um_flaky_2_001.h5,37607.88671875,203.15235900878906,221.34449768066406,7721.7021484375,531.62451171875,17.181241989135742,9.096427917480469,11.116889953613281
FeXANES_GT5_flaky2_Fe_31.001,1,2x2_10um_flaky_2_001.h5,20787.482421875,1290.597412109375,99.66655731201172,937.2674560546875,377.525146484375,14.094520568847656,8.054071426391602,6.039547920227051
FeXANES_GT5_flaky2_Fe_32.001,1,2x2_10um_flaky_2_001.h5,21571.736328125,1091.4161376953125,165.1240692138672,1117.6046142578125,433.95196533203125,16.109113693237305,5.03434944152832,8.055086135864258
FeXANES_GT5_flaky2_Fe_4.001,2,2x2_10um_flaky_2_001.h5,22944.736328125,177.1621856689453,118.78009796142578,301.9797668457031,141.93301391601562,13.08822250366211,6.0396037101745605,6.039172172546387
FeXANES_GT5_flaky2_Fe_5.001,1,2x2_10um_flaky_2_001.h5,32121.107421875,326.1667785644531,128.25001525878906,7722.103515625,1293.612060546875,13.13040542602539,12.117597579956055,4.039346694946289
FeXANES_GT5_flaky2_Fe_6.001,1,2x2_10um_flaky_2_001.h5,32801.05078125,283.7955322265625,111.09024047851562,8567.6904296875,1289.7890625,13.130146026611328,14.140034675598145,5.049652099609375
FeXANES_GT5_flaky2_Fe_7.001,5,2x2_10um_flaky_2_001.h5,43836.5,413.5790710449219,201.21803283691406,2723.142333984375,962.6575927734375,15.169622421264648,17.18974494934082,7.078681945800781
FeXANES_GT5_flaky2_Fe_8.001,5,2x2_10um_flaky_2_001.h5,39728.078125,257.59869384765625,192.94627380371094,2543.7265625,573.8034057617188,19.194988250732422,16.16364860534668,4.0414652824401855
FeXANES_GT5_flaky2_Fe_9.001,2,2x2_10um_flaky_2_001.h5,28474.943359375,165.28028869628906,153.18942260742188,977.5950927734375,412.19268798828125,9.07027530670166,5.039444923400879,6.046074867248535
FeXANES_GT5_flaky_nodule_Fe.001,4,2x2_10um_flaky_nodule_001.h5,58116.40625,1382.507080078125,778.8576049804688,1536.4466552734375,2238.32177734375,30.383668899536133,19.24434471130371,14.179920196533203
FeXANES_GT5_flaky_nodule_Fe_10.001,5,2x2_10um_flaky_nodule_001.h5,26093.986328125,5925.51904296875,2200.654052734375,32943.37109375,4735.88623046875,35.495670318603516,35.49352264404297,37.522865295410156
FeXANES_GT5_flaky_nodule_Fe_2.001,4,2x2_10um_flaky_nodule_001.h5,33180.43359375,1131.1199951171875,774.2412109375,1154.3079833984375,1661.3883056640625,13.105502128601074,12.097989082336426,13.105863571166992
FeXANES_GT5_flaky_nodule_Fe_3.001,4,2x2_10um_flaky_nodule_001.h5,26018.1640625,1185.0191650390625,648.383056640625,1010.8388061523438,1238.3817138671875,16.10758399963379,36.24501419067383,8.054899215698242
FeXANES_GT5_flaky_nodule_Fe_4.001,4,2x2_10um_flaky_nodule_001.h5,42653.3203125,2280.404541015625,986.137451171875,1586.298828125,2107.659912109375,21.21868896484375,46.47660827636719,20.208406448364258
FeXANES_GT5_flaky_nodule_Fe_5.001,4,2x2_10um_flaky_nodule_001.h5,24354.708984375,1122.08154296875,576.63623046875,961.0643920898438,1291.1510009765625,11.069931983947754,11.069363594055176,6.037838459014893
FeXANES_GT5_flaky_nodule_Fe_6.001,4,2x2_10um_flaky_nodule_001.h5,18326.025390625,891.8807373046875,680.7020874023438,813.4521484375,957.2326049804688,12.06486988067627,36.19819641113281,9.049356460571289
FeXANES_GT5_flaky_nodule_Fe_7.001,5,2x2_10um_flaky_nodule_001.h5,43236.640625,5571.75244140625,1267.1025390625,3920.822998046875,9353.7900390625,34.43779754638672,31.400253295898438,36.46363067626953
FeXANES_GT5_flaky_nodule_Fe_8.001,2,2x2_10um_flaky_nodule_001.h5,38635.84375,3497.189208984375,955.4375610351562,6084.4033203125,3769.120361328125,30.32985496520996,23.254426956176758,25.2759952545166
FeXANES_GT5_flaky_nodule_Fe_9.001,1,2x2_10um_flaky_nodule_001.h5,17044.33984375,10309.4638671875,3160.65576171875,9210.4697265625,4455.36376953125,30.275455474853516,42.38176727294922,56.511898040771484
FeXANES_GT5_flakysmooth2_Fe_1.001,4,2x2_10um_flaky_smooth_2_001.h5,114898.4609375,1982.0743408203125,567.2355346679688,106665.6171875,16730.291015625,84.76249694824219,61.74785614013672,50.21772766113281
FeXANES_GT5_flakysmooth2_Fe_10.001,3,2x2_10um_flaky_smooth_2_001.h5,46068.28515625,7464.7119140625,502.2016296386719,8583.6640625,10391.072265625,41.59754943847656,33.47859573364258,34.48814392089844
FeXANES_GT5_flakysmooth2_Fe_11.001,3,2x2_10um_flaky_smooth_2_001.h5,45691.87109375,7432.095703125,698.177490234375,10836.4755859375,10244.623046875,43.631683349609375,29.426429748535156,40.59221649169922
FeXANES_GT5_flakysmooth2_Fe_12.001,4,2x2_10um_flaky_smooth_2_001.h5,100233.296875,1552.7222900390625,1378.9599609375,93233.6875,11966.5966796875,82.16826629638672,70.68619537353516,39.52457809448242
FeXANES_GT5_flakysmooth2_Fe_13.001,1,2x2_10um_flaky_smooth_2_001.h5,38506.84375,3113.536376953125,2535.16796875,34240.33203125,6147.76611328125,38.62202072143555,41.67982482910156,34.56037521362305
FeXANES_GT5_flakysmooth2_Fe_14.001,4,2x2_10um_flaky_smooth_2_001.h5,20782.966796875,2378.53369140625,4524.24755859375,2342.2490234375,6464.3720703125,23.180086135864258,32.25214385986328,12.094416618347168
FeXANES_GT5_flakysmooth2_Fe_15.001,1,2x2_10um_flaky_smooth_2_001.h5,20546.97265625,2265.41845703125,4583.2451171875,2271.45947265625,6421.35302734375,18.139474868774414,25.194721221923828,14.109046936035156
FeXANES_GT5_flakysmooth2_Fe_16.001,4,2x2_10um_flaky_smooth_2_001.h5,102429.3828125,693.40673828125,611.1248779296875,154838.0625,11601.5966796875,83.25382232666016,85.35271453857422,52.670501708984375
FeXANES_GT5_flakysmooth2_Fe_17.001,4,2x2_10um_flaky_smooth_2_001.h5,85100.1171875,1495.1844482421875,880.3423461914062,133737.25,10146.03515625,94.09716796875,78.39513397216797,37.643463134765625
FeXANES_GT5_flakysmooth2_Fe_18.001,4,2x2_10um_flaky_smooth_2_001.h5,19704.33984375,2445.65673828125,4755.283203125,2505.1142578125,6402.84423828125,12.092106819152832,32.2459602355957,8.061322212219238
FeXANES_GT5_flakysmooth2_Fe_19.001,5,2x2_10um_flaky_smooth_2_001.h5,17465.6171875,2052.060791015625,4210.83740234375,2019.8427734375,5561.08837890625,22.152132034301758,23.15713119506836,10.067709922790527
FeXANES_GT5_flakysmooth2_Fe_2.001,4,2x2_10um_flaky_smooth_2_001.h5,114909.125,4495.37353515625,563.7235717773438,130429.9375,16814.634765625,84.13780975341797,72.53993225097656,60.99258804321289
FeXANES_GT5_flakysmooth2_Fe_20.001,3,2x2_10um_flaky_smooth_2_001.h5,31247.962890625,20999.498046875,1844.6212158203125,20899.123046875,5636.015625,65.01311492919922,68.04093933105469,99.54188537597656
FeXANES_GT5_flakysmooth2_Fe_21.001,3,2x2_10um_flaky_smooth_2_001.h5,32328.99609375,20533.21875,1877.3460693359375,20691.544921875,5859.4658203125,65.0213851928711,47.74477005004883,91.43106842041016
FeXANES_GT5_flakysmooth2_Fe_22.001,1,2x2_10um_flaky_smooth_2_001.h5,39269.59765625,2554.060546875,1910.970458984375,14048.236328125,5656.96142578125,20.253820419311523,26.328739166259766,25.3183536529541
FeXANES_GT5_flakysmooth2_Fe_3.001,5,2x2_10um_flaky_smooth_2_001.h5,81500.984375,1327.9384765625,1667.07763671875,4110.0859375,2339.1533203125,24.441560745239258,30.55089569091797,21.385356903076172
FeXANES_GT5_flakysmooth2_Fe_4.001,5,2x2_10um_flaky_smooth_2_001.h5,81376.5,2387.361083984375,1933.9244384765625,4639.18017578125,4045.10205078125,31.588871002197266,24.45008659362793,15.285090446472168
FeXANES_GT5_flakysmooth2_Fe_5.001,3,2x2_10um_flaky_smooth_2_001.h5,44009.87890625,4123.1748046875,404.7507019042969,5270.32275390625,9866.5888671875,30.44835090637207,25.3536376953125,22.290626525878906
FeXANES_GT5_flakysmooth2_Fe_6.001,3,2x2_10um_flaky_smooth_2_001.h5,41051.1171875,4481.13330078125,396.8645935058594,4631.8681640625,9353.7509765625,27.329620361328125,29.36285972595215,25.31694221496582
FeXANES_GT5_flakysmooth2_Fe_7.001,3,2x2_10um_flaky_smooth_2_001.h5,43074.03515625,3927.81982421875,493.0067138671875,4031.08447265625,9563.3544921875,28.344261169433594,16.196495056152344,31.382896423339844
FeXANES_GT5_flakysmooth2_Fe_8.001,3,2x2_10um_flaky_smooth_2_001.h5,51521.6796875,7327.998046875,599.5504760742188,12725.91796875,10647.2490234375,29.46659278869629,23.373149871826172,39.62407302856445
FeXANES_GT5_flakysmooth2_Fe_9.001,3,2x2_10um_flaky_smooth_2_001.h5,49586.27734375,8657.32421875,694.1082153320312,13550.259765625,10437.13671875,44.71432113647461,30.485170364379883,50.80625915527344
FeXANES_GT15_Fe_1.001,3,2x2_10um_rectangles_gt15_1_001.h5,41055.06640625,242.37750244140625,39.38469314575195,610.98681640625,554.4370727539062,8.077996253967285,8.078714370727539,4.039185047149658
FeXANES_GT15_Fe_2.001,1,2x2_10um_rectangles_gt15_1_001.h5,41233.9140625,213.09283447265625,37.370460510253906,424.16796875,599.8938598632812,13.129644393920898,7.070398330688477,4.03900146484375
FeXANES_GT15_Fe_3.001,1,2x2_10um_rectangles_gt15_1_001.h5,53582.71484375,327.980712890625,39.481475830078125,489.9734191894531,762.2545166015625,9.111955642700195,8.099366188049316,10.123655319213867
FeXANES_GT15_Fe_4.001,4,2x2_10um_rectangles_gt15_1_001.h5,85693.1015625,359.93280029296875,137.02053833007812,22791.3984375,1673.8720703125,24.544334411621094,28.626178741455078,16.358713150024414
FeXANES_GT15_Fe_5.001,5,2x2_10um_rectangles_gt15_1_001.h5,112630.1484375,201.80348205566406,131.13092041015625,5427.220703125,1954.5247802734375,23.561874389648438,13.317769050598145,21.510805130004883
FeXANES_GT15_Fe_6.001,4,2x2_10um_rectangles_gt15_1_001.h5,131262.671875,587.7709350585938,184.2657928466797,11867.251953125,1566.6558837890625,28.82090187072754,28.812246322631836,20.580921173095703
FeXANES_GT15_rectangles_Fe_1.001,3,2x2_10um_rectangles_gt15_1_001.h5,46921.12890625,608.6971435546875,65.71798706054688,617.79736328125,696.6814575195312,13.14553451538086,10.107779502868652,10.110754013061523
FeXANES_GT15_rectangles_Fe_2.001,3,2x2_10um_rectangles_gt15_1_001.h5,66815.0390625,210.04820251464844,66.96810150146484,450.5207824707031,963.9539184570312,13.193216323852539,10.14443588256836,11.156889915466309
FeXANES_GT15_rectangles_Fe_3.001,3,2x2_10um_rectangles_gt15_1_001.h5,58616.75390625,455.08172607421875,144.94558715820312,1117.9332275390625,848.3173217773438,14.191906929016113,9.120261192321777,2.027144193649292
FeXANES_GT15_rectangles_Fe_4.001,1,2x2_10um_rectangles_gt15_1_001.h5,44088.1328125,61.62997055053711,32.33186721801758,162.66712951660156,674.9347534179688,12.12489128112793,14.144819259643555,6.062081813812256
FeXANES_GT15_rectangles_Fe_5.001,1,2x2_10um_rectangles_gt15_1_001.h5,45627.421875,77.81959533691406,40.42374801635742,168.77407836914062,701.3822021484375,9.094225883483887,7.0744194984436035,6.064019680023193
FeXANES_GT15_rectangles_Fe_6.001,1,2x2_10um_rectangles_gt15_1_001.h5,40827.296875,99.97297668457031,32.31448745727539,253.46839904785156,591.7670288085938,15.148262023925781,12.118078231811523,6.058990001678467
FeXANES_GT15_FeTiXRD_striated2_1.001,4,2x2_10um_striated_gt15_2_001.h5,67359.34375,1381.9820556640625,595.831787109375,242431.140625,9283.318359375,100.88450622558594,99.80732727050781,66.96003723144531
FeXANES_GT15_FeTiXRD_striated2_2.001,4,2x2_10um_striated_gt15_2_001.h5,113116.7578125,3759.5146484375,522.0736083984375,137562.875,10704.8525390625,84.21208953857422,74.70543670654297,59.96229553222656
FeXANES_GT15_FeTiXRD_striated2_3.001,4,2x2_10um_striated_gt15_2_001.h5,114731.25,2683.312255859375,626.6700439453125,133058.859375,10053.212890625,88.36720275878906,74.64008331298828,51.53142547607422
FeXANES_GT15_FeTiXRD_striated2_5.001,5,2x2_10um_striated_gt15_2_001.h5,96538.1015625,9082.7080078125,1728.345458984375,4237.962890625,4106.0537109375,36.822967529296875,31.6956729888916,32.73372268676758
FeXANES_GT15_FeTiXRD_striated2_6.001,3,2x2_10um_striated_gt15_2_001.h5,61380.05078125,3349.104248046875,432.84442138671875,3679.219970703125,14894.4423828125,24.39103126525879,35.56123352050781,17.274250030517578
FeXANES_GT15_FeTiXRD_striated2_7.001,4,2x2_10um_striated_gt15_2_001.h5,85931.578125,6350.392578125,1467.3499755859375,90441.921875,9988.689453125,68.50116729736328,50.8525390625,64.30733489990234
FeXANES_GT15_FeTiXRD_striated2_8.001,3,2x2_10um_striated_gt15_2_001.h5,61884.7421875,1953.4517822265625,329.12921142578125,3189.6015625,14383.6376953125,14.222856521606445,22.34035873413086,19.30447006225586
FeXANES_GT15_Fe_striated2_1.001,5,2x2_10um_striated_gt15_2_001.h5,44967.8984375,2269.787353515625,1892.6519775390625,1916.8916015625,2547.80029296875,22.243255615234375,20.222869873046875,22.24592399597168
FeXANES_GT15_super_dark_Fe_1.001,1,2x2_10um_super_dark_gt15_4_001.h5,52759.07421875,2291.6083984375,85.13290405273438,4358.17236328125,2570.3173828125,15.201811790466309,18.241436004638672,16.217220306396484
FeXANES_GT15_super_dark_Fe_10.001,1,2x2_10um_super_dark_gt15_4_001.h5,18273.498046875,247.4259490966797,127.74346160888672,499.8872985839844,323.8725891113281,7.041358947753906,8.047794342041016,4.022878646850586
FeXANES_GT15_super_dark_Fe_11.001,5,2x2_10um_super_dark_gt15_4_001.h5,28792.712890625,650.211181640625,202.62930297851562,1404.25341796875,428.4307861328125,12.09668254852295,10.080554008483887,11.089292526245117
FeXANES_GT15_super_dark_Fe_12.001,5,2x2_10um_super_dark_gt15_4_001.h5,12956.203125,135.65769958496094,270.32025146484375,150.73634338378906,350.720703125,4.020359039306641,8.03892707824707,2.009441614151001
FeXANES_GT15_super_dark_Fe_13.001,5,2x2_10um_super_dark_gt15_4_001.h5,13835.72265625,135.6800994873047,259.3078918457031,182.92015075683594,383.9349060058594,4.019960880279541,11.055830955505371,1.0048152208328247
FeXANES_GT15_super_dark_Fe_14.001,3,2x2_10um_super_dark_gt15_4_001.h5,24443.44921875,63.43975067138672,187.30538940429688,619.314453125,661.6256103515625,6.042104721069336,3.0218310356140137,2.01395320892334
FeXANES_GT15_super_dark_Fe_15.001,2,2x2_10um_super_dark_gt15_4_001.h5,11738.986328125,131.61614990234375,272.2814025878906,193.91656494140625,337.5906066894531,4.018579483032227,9.041842460632324,3.0145645141601562
FeXANES_GT15_super_dark_Fe_16.001,2,2x2_10um_super_dark_gt15_4_001.h5,16805.240234375,1708.9765625,103.60430908203125,549.2186889648438,306.7922058105469,8.046058654785156,10.060172080993652,10.060568809509277
FeXANES_GT15_super_dark_Fe_17.001,2,2x2_10um_super_dark_gt15_4_001.h5,18887.890625,488.96661376953125,177.08514404296875,626.82080078125,325.9913330078125,6.036870956420898,4.024378776550293,6.036980628967285
FeXANES_GT15_super_dark_Fe_18.001,3,2x2_10um_super_dark_gt15_4_001.h5,48152.4140625,194.18016052246094,97.09444427490234,313.52984619140625,736.3047485351562,15.170452117919922,12.136747360229492,4.045807838439941
FeXANES_GT15_super_dark_Fe_19.001,1,2x2_10um_super_dark_gt15_4_001.h5,24205.1875,961.9172973632812,130.94329833984375,1138.172119140625,434.1210021972656,7.050591945648193,10.07243537902832,7.051890850067139
FeXANES_GT15_super_dark_Fe_2.001,1,2x2_10um_super_dark_gt15_4_001.h5,30914.65625,1393.6129150390625,129.07933044433594,571.7771606445312,700.8464965820312,9.076626777648926,9.076415061950684,12.101553916931152
FeXANES_GT15_super_dark_Fe_20.001,2,2x2_10um_super_dark_gt15_4_001.h5,18328.20703125,498.9372253417969,135.79591369628906,401.36993408203125,429.5356750488281,6.035709381103516,3.0172343254089355,5.029217720031738
FeXANES_GT15_super_dark_Fe_21.001,5,2x2_10um_super_dark_gt15_4_001.h5,20743.064453125,860.6106567382812,146.95950317382812,1035.735595703125,380.4825744628906,10.06515121459961,6.040022850036621,3.0195183753967285
FeXANES_GT15_super_dark_Fe_22.001,2,2x2_10um_super_dark_gt15_4_001.h5,30914.65625,1393.6129150390625,129.07933044433594,571.7771606445312,700.8464965820312,9.076626777648926,9.076415061950684,12.101553916931152
FeXANES_GT15_super_dark_Fe_23.001,1,2x2_10um_super_dark_gt15_4_001.h5,20630.021484375,979.4197998046875,161.0558319091797,989.4730834960938,351.2966003417969,6.038619041442871,6.03857946395874,6.039514541625977
FeXANES_GT15_super_dark_Fe_24.001,2,2x2_10um_super_dark_gt15_4_001.h5,20286.349609375,359.2822265625,120.77132415771484,1126.19580078125,500.1854248046875,10.064348220825195,7.0458574295043945,6.038681507110596
FeXANES_GT15_super_dark_Fe_3.001,2,2x2_10um_super_dark_gt15_4_001.h5,32423.96484375,91.74853515625,131.065185546875,120.9836654663086,141.15565490722656,7.057613372802734,7.056874752044678,6.04939603805542
FeXANES_GT15_super_dark_Fe_4.001,2,2x2_10um_super_dark_gt15_4_001.h5,29774.22265625,113.87240600585938,123.94744873046875,155.1890106201172,175.34432983398438,7.053083419799805,9.069073677062988,5.039409637451172
FeXANES_GT15_super_dark_Fe_6.001,1,2x2_10um_super_dark_gt15_4_001.h5,17656.302734375,553.2910766601562,124.74549102783203,623.6592407226562,327.93798828125,7.041688442230225,4.023438453674316,5.029087066650391
FeXANES_GT15_super_dark_Fe_7.001,2,2x2_10um_super_dark_gt15_4_001.h5,10444.1171875,177.7852783203125,143.63348388671875,752.3303833007812,287.2653503417969,7.030836582183838,9.039999008178711,5.022397518157959
FeXANES_GT15_super_dark_Fe_8.001,3,2x2_10um_super_dark_gt15_4_001.h5,62874.1484375,110.51438903808594,75.02804565429688,365.0096435546875,1114.2652587890625,18.252378463745117,10.138676643371582,4.055978298187256
FeXANES_GT15_super_dark_Fe_9.001,5,2x2_10um_super_dark_gt15_4_001.h5,21430.640625,845.657958984375,139.9401397705078,1035.9390869140625,421.8238525390625,9.059732437133789,12.081924438476562,8.053481101989746
FeXANES_GT5_white_gray_particles_Fe_1.001,5,2x2_10um_white_gray_particles_002.h5,70935.6171875,1540.9478759765625,667.1726684570312,1265.2100830078125,10063.8349609375,22.3731746673584,19.3189754486084,13.222465515136719
FeXANES_GT5_white_gray_particles_Fe_2.001,2,2x2_10um_white_gray_particles_002.h5,53224.0390625,1378.437744140625,827.690673828125,7826.48779296875,6501.88720703125,21.30293083190918,36.51359176635742,14.199959754943848
FeXANES_GT5_white_gray_particles_Fe_3.001,5,2x2_10um_white_gray_particles_002.h5,49734.80859375,906.1296997070312,487.97015380859375,1719.0186767578125,6272.767578125,21.26082420349121,15.184412956237793,13.160226821899414
FeXANES_GT5_white_gray_particles_Fe_4.001,3,2x2_10um_white_gray_particles_002.h5,43657.8828125,1122.799072265625,544.1996459960938,3595.9580078125,8650.568359375,11.12663459777832,18.205188751220703,10.113578796386719
FeXANES_GT5_white_gray_particles_Fe_5.001,3,2x2_10um_white_gray_particles_002.h5,61829.2109375,1464.9306640625,683.1475830078125,7504.45068359375,14322.7431640625,25.41556167602539,18.30052375793457,19.313838958740234
